ID,After_Perception,Vaccinated
2279,3,0
2174,4,1
3972,3,1
2228,4,0
563,2,0
1623,3,0
1696,1,1
786,2,1
4141,3,0
4958,3,1
3347,2,0
2602,4,0
1881,2,1
2759,1,1
1083,4,0
3063,3,1
3557,4,0
332,1,1
656,2,0
4698,3,0
4417,4,1
2877,3,1
2871,1,0
3177,4,0
1661,4,1
2383,1,1
2224,1,1
4096,4,0
475,4,0
3455,4,1
473,4,1
2431,3,0
3116,4,0
2408,3,0
258,2,1
1188,5,0
3825,1,0
3211,3,1
1182,1,0
4931,1,0
75,1,1
3574,5,1
3654,3,1
3608,2,1
1675,4,0
2166,3,0
3099,5,0
2987,2,0
2488,2,1
1777,2,1
4959,2,1
916,2,1
1786,4,0
1099,4,0
2627,3,0
4623,1,0
1253,4,1
3855,1,0
1151,5,1
2193,3,0
673,3,1
114,2,1
283,5,0
4570,2,0
2404,2,0
3401,4,0
3815,2,1
1228,4,0
3704,4,1
853,3,0
2154,5,1
2296,1,1
2642,5,1
2694,4,0
1971,2,0
195,5,0
3738,3,0
153,2,0
416,3,1
181,5,1
387,1,0
1723,3,1
1326,2,1
371,3,1
1720,4,0
1957,4,1
3910,5,1
3462,5,0
3360,1,0
802,1,0
1211,1,0
711,3,1
1203,2,1
2227,5,1
1173,3,1
2681,3,0
2911,3,1
4767,2,0
274,1,1
4480,5,1
4950,4,0
3822,1,1
1649,3,1
4219,3,0
2718,2,0
4169,4,0
79,1,1
4925,4,0
1259,2,1
2037,1,0
3398,4,0
2723,1,0
4737,3,0
1022,5,0
339,4,0
926,5,1
1440,3,0
2922,5,0
640,5,0
3406,2,1
4002,2,0
4997,1,0
3131,5,0
1096,3,0
1810,5,1
3901,2,1
2424,4,0
2801,2,0
1052,3,0
3501,4,1
4786,4,1
4850,1,1
4797,1,1
4231,1,0
1005,1,0
3020,2,1
3017,2,1
1601,4,0
1669,2,1
1684,1,1
2711,2,0
3186,4,0
4943,5,0
4732,3,1
2619,5,1
1918,1,0
4980,4,0
4089,4,1
1373,5,0
2388,3,1
1815,2,0
154,3,0
677,2,1
4309,5,0
2386,3,1
4444,3,0
4610,3,0
2625,1,1
2610,3,1
1003,5,1
979,1,1
2111,2,0
3173,2,1
1525,1,0
1547,1,1
2255,2,0
1227,2,0
635,4,0
3448,5,1
1478,4,0
2349,3,0
1190,2,0
3234,5,0
817,3,0
359,1,0
445,1,1
3351,1,1
3422,3,1
4007,1,1
2443,1,0
2333,1,1
4013,3,1
4321,4,1
2951,2,0
3961,3,0
2561,2,0
3223,4,0
1115,1,1
2942,4,1
1405,3,0
441,3,0
3236,3,1
3459,2,1
691,4,0
2874,3,0
2536,1,0
4420,2,0
609,5,0
102,4,1
2559,2,1
1477,3,0
3507,2,1
4458,2,1
2456,2,1
3904,1,0
8,4,1
1830,5,0
2690,2,1
4774,2,1
1350,4,0
584,2,0
1588,1,0
344,2,1
3205,1,1
449,4,1
435,1,1
2514,4,1
1113,2,1
1862,4,0
4990,2,1
1564,4,1
1939,2,0
2509,5,0
3239,4,1
994,5,1
333,2,1
1344,3,0
1892,3,1
998,5,1
3794,1,0
3792,4,1
2396,3,1
1509,4,0
940,2,0
3283,4,0
3009,1,0
1338,2,0
4897,2,1
173,2,0
3473,2,0
3711,1,0
4168,1,0
84,3,0
4818,4,1
212,2,1
4011,4,0
706,5,1
3358,4,0
4677,5,1
4429,2,0
4657,3,1
3028,2,0
4960,4,0
1036,5,1
4530,1,1
3191,2,0
2503,3,0
2285,1,1
1586,1,1
2606,5,0
498,2,1
1490,1,1
868,5,0
1402,1,1
591,4,1
3147,3,1
2181,3,0
3281,4,1
14,4,0
852,2,0
3260,4,1
4556,3,0
2600,2,0
808,2,0
1719,2,0
2782,4,0
4712,1,0
1142,5,1
488,1,0
2295,1,1
914,1,1
2748,4,0
2114,5,0
3175,5,1
4278,1,0
734,1,0
803,5,1
3412,2,0
4886,1,0
4243,5,0
298,4,0
1452,3,0
410,2,0
2879,4,0
4431,3,0
3682,4,1
2040,1,1
896,1,1
751,5,0
1598,3,1
3478,5,0
3259,2,0
1578,5,0
3667,3,1
3785,5,1
4412,3,1
2517,2,1
4020,2,1
651,1,0
709,1,0
2165,5,1
4116,3,0
3285,5,1
1087,3,1
1129,5,1
204,2,1
3587,5,1
2753,1,0
4944,2,1
2612,1,0
2847,5,0
1729,1,0
1205,1,0
205,5,1
1248,1,1
3648,4,0
1366,3,0
329,5,1
56,3,0
1611,2,0
3699,2,1
502,5,1
1280,5,0
3027,5,0
1999,1,0
2762,2,1
3114,1,0
540,1,0
524,3,0
1707,3,0
1929,4,0
2944,3,0
3598,2,0
3072,2,0
1065,1,1
1634,5,1
2085,2,0
1299,3,0
2003,5,1
1224,5,0
3091,1,0
1873,5,1
1627,5,0
288,1,1
2964,2,1
2675,2,1
411,1,1
2075,1,0
3348,4,0
88,1,1
1785,1,1
3669,5,1
2135,5,0
1268,1,1
3235,4,1
3396,3,0
4331,4,0
3265,2,1
3279,1,1
4445,5,0
4301,5,1
2913,4,1
4187,2,1
970,4,1
3324,3,0
779,3,0
4921,5,1
4616,2,1
3157,4,1
4173,2,0
1919,5,1
3894,5,0
4514,1,0
4009,5,1
3275,2,1
2798,4,1
169,4,0
73,4,0
4150,3,0
615,5,1
113,3,1
1177,3,1
494,5,0
1396,4,0
1089,2,1
3221,1,1
3760,3,1
462,5,0
3320,2,1
3510,1,0
4884,4,1
4140,2,0
4809,4,0
2669,3,0
750,1,1
438,4,1
3007,4,1
2647,2,0
277,1,1
4951,1,0
81,4,1
1829,4,1
4981,5,0
3087,5,0
4566,1,0
3489,4,1
2299,1,1
4081,2,1
429,3,0
4529,1,0
1562,4,0
4801,3,0
2143,5,1
727,1,0
3994,4,1
1663,2,0
1739,5,0
4949,2,0
703,3,0
4545,1,0
1001,2,1
2336,4,0
3361,4,1
1311,5,0
1220,1,1
780,1,1
4705,3,1
4564,2,1
235,5,0
3890,4,1
123,5,1
1357,4,1
3190,5,0
2716,4,0
4360,5,0
830,1,0
1526,2,0
3380,4,1
4374,2,1
1554,5,1
1428,2,1
419,1,0
4658,3,1
2903,4,0
717,2,0
414,5,0
3370,5,1
4842,2,1
884,4,0
3723,2,1
4722,5,1
4186,5,1
4636,3,0
3092,2,1
2645,3,1
2290,2,1
3078,5,1
2841,5,1
4453,2,0
2781,4,0
3194,5,0
3868,5,0
2882,1,0
772,1,0
1812,1,0
2993,3,0
737,5,0
1445,1,0
3071,2,0
3495,5,1
2029,1,1
3806,5,0
174,4,0
723,1,0
2933,5,0
4155,4,1
3957,3,1
4733,3,1
3385,5,1
1956,5,1
2657,3,1
588,5,0
3826,4,0
1967,3,1
1577,5,1
741,2,0
4924,5,0
1949,1,1
4062,4,1
1154,2,1
1691,1,1
4120,4,0
3628,3,0
4268,2,0
158,3,0
806,4,1
4347,4,0
3992,5,0
4758,4,0
2991,5,0
2971,1,0
3048,2,1
934,2,0
2597,3,1
3181,4,1
3040,1,1
2112,1,1
3319,1,0
4046,2,1
2572,5,0
838,5,0
2653,4,0
3789,5,0
1704,1,0
1204,2,1
384,3,1
1102,4,1
1126,4,1
2190,1,1
4165,2,0
4479,3,1
3944,1,1
1503,4,0
1114,2,1
3013,1,0
66,4,0
36,3,1
326,4,1
2130,1,0
2605,4,1
1369,2,0
4047,3,1
4973,2,0
458,2,0
1890,1,1
3554,4,0
3467,5,1
4461,1,1
3090,4,0
1180,4,0
700,4,0
2990,4,1
1028,2,1
828,4,0
4934,2,1
4484,1,1
1823,5,1
369,5,1
2329,2,0
3678,4,1
2661,2,1
334,4,0
2259,3,0
2587,5,0
126,4,1
3074,1,1
1952,1,1
583,4,0
2977,5,1
2586,2,0
927,3,1
3849,1,1
708,3,0
1054,5,1
3197,2,1
4750,1,0
3527,4,1
2261,4,1
4941,5,1
4083,2,0
1361,1,0
789,3,0
59,1,1
2963,4,0
3167,1,1
325,4,1
814,2,0
3836,1,0
3538,5,1
2010,2,0
898,5,0
249,1,0
1804,3,1
281,2,1
4568,5,1
512,2,1
2423,5,1
2202,3,1
2341,3,1
2741,2,1
731,4,1
3713,1,0
4682,3,0
1304,2,1
1363,4,0
4432,5,0
4577,3,1
4229,2,1
4105,2,1
2614,2,1
65,5,1
1181,1,1
1263,1,1
1557,5,0
10,3,1
206,2,0
3241,1,1
3974,1,0
3925,2,0
4863,2,0
2243,1,1
593,4,0
4265,2,0
1579,4,1
303,1,0
1860,1,0
1265,1,1
1312,3,0
4381,2,1
4562,5,1
362,2,1
1619,5,0
3602,3,1
3016,3,0
4788,4,1
2236,2,0
3328,2,0
1690,5,1
850,4,1
1736,1,1
146,2,0
4721,5,0
292,1,0
4201,2,0
624,3,0
2425,4,0
4501,5,0
739,1,0
442,5,1
3356,4,0
3248,5,1
2062,4,1
1337,4,1
4880,5,0
2463,4,0
229,3,0
1497,1,1
1831,4,1
2000,3,1
11,4,0
2644,3,0
4399,3,1
3575,3,0
3202,3,0
2535,5,0
2758,3,0
1150,5,1
1199,3,0
3296,3,0
152,2,1
4074,4,0
2107,1,1
733,5,0
4440,2,0
374,5,1
3938,1,0
1,3,0
4879,3,0
3339,3,0
2148,1,1
2275,3,1
1192,4,1
2421,4,0
4580,5,1
1870,4,0
1976,1,0
166,3,1
454,5,1
3674,5,1
4122,1,0
4596,1,0
3089,4,0
2460,2,0
4253,1,1
3571,5,1
2576,1,1
3573,4,1
4557,1,1
2410,2,1
3231,1,0
373,5,1
144,2,1
4366,5,0
2878,4,1
4329,2,0
4387,5,1
1908,2,0
1375,1,0
4660,4,0
2375,1,1
1630,1,0
1014,2,1
2351,3,1
2367,2,1
911,3,1
4838,4,0
2076,3,0
2104,1,0
1420,4,1
1846,1,1
964,2,0
3109,2,0
194,3,0
996,5,0
3891,1,1
3558,2,1
4831,1,1
685,2,1
4937,5,0
52,3,1
3350,4,0
1446,4,1
1842,1,0
849,3,0
5000,3,0
284,4,1
2651,1,0
2984,3,0
4451,2,1
1306,4,0
1433,5,1
1515,4,1
1995,4,0
4163,2,1
4061,4,0
943,1,0
4252,2,1
663,3,0
865,2,1
1467,2,1
67,4,1
2840,3,1
3271,3,0
1613,3,0
1111,3,0
420,4,0
1384,3,1
3967,2,0
2502,5,1
1163,3,1
484,5,1
240,4,1
60,3,0
2855,4,0
1055,2,1
628,2,0
356,5,1
423,4,0
4965,5,0
4372,4,1
3522,5,0
1839,5,1
2714,1,0
2594,2,1
3852,2,1
2397,2,1
4896,1,1
245,3,1
988,4,0
2998,2,0
3784,4,0
2527,4,1
3987,4,0
1364,4,0
2217,3,0
560,3,1
1365,2,0
761,4,0
2562,5,0
883,4,1
2237,3,1
1756,3,0
992,3,1
4157,3,0
4035,3,0
1714,2,1
124,3,1
1336,3,0
3444,1,1
2284,4,1
4709,2,1
3685,2,1
1243,4,0
1058,3,1
43,4,1
4637,4,0
3310,3,0
2473,2,0
1475,3,1
1762,5,1
2776,1,0
4341,2,1
676,4,1
3015,3,0
4400,5,0
928,5,1
815,5,1
4928,5,0
3364,4,0
2219,3,1
4318,3,1
74,1,0
805,3,0
2921,4,0
4876,4,1
2746,3,1
1945,1,0
3947,3,0
2649,1,0
2965,3,0
290,3,1
1809,4,0
3399,3,0
1703,4,1
2079,4,0
1195,3,1
1935,5,1
2195,2,1
4040,2,0
2429,1,1
745,1,1
840,1,1
379,3,0
2222,1,0
2811,4,0
4672,1,0
2948,4,1
3413,5,0
1970,4,1
3903,3,1
4628,4,0
3038,3,0
4752,2,0
2021,3,1
355,2,0
33,3,0
2074,3,0
1910,1,1
3712,5,0
2736,3,0
4460,2,1
4848,1,1
4466,1,1
2615,2,1
4693,1,0
4212,1,1
4519,5,0
1705,4,0
1292,1,0
3652,2,0
1718,5,0
2907,4,0
2513,5,0
4101,5,1
3291,1,1
2849,2,0
2593,5,1
3887,1,0
3555,2,0
1550,5,1
3497,2,1
2197,5,0
3508,4,0
2830,4,0
1128,3,1
3677,5,1
2371,3,0
1795,2,1
3402,1,1
211,1,0
447,5,1
22,4,0
4144,1,1
268,3,1
3180,3,0
3312,1,0
4920,2,1
3158,2,0
4945,1,0
3050,5,0
4639,4,0
607,2,0
3883,1,1
3249,2,1
2201,2,1
3305,3,0
551,5,0
985,4,0
1863,3,0
4757,1,0
343,2,1
340,3,0
3449,1,0
2298,1,0
4526,5,0
1458,1,1
27,3,0
4080,5,0
1975,5,0
1286,1,0
366,3,0
404,4,1
172,5,1
4209,3,1
2445,3,1
1964,4,0
3446,3,1
4284,2,1
3746,3,1
98,2,0
178,1,1
3371,1,1
3431,5,1
4744,1,1
4845,4,1
1454,5,1
3077,3,1
2968,2,0
636,1,1
4063,5,1
4307,4,0
364,2,0
90,5,1
3335,3,1
4369,2,1
1728,3,1
1560,2,0
1799,2,1
3614,3,0
598,2,1
2372,1,1
4382,3,1
4548,5,1
975,3,1
1648,4,0
1638,4,0
2150,2,1
1061,1,0
3503,4,0
4625,2,1
1215,3,0
2726,4,1
2405,1,0
3689,2,0
4492,3,0
3824,2,1
4675,1,1
568,2,0
2273,3,1
1931,5,1
4579,1,1
4031,1,0
2867,5,0
2160,2,0
4823,3,1
3388,4,0
424,2,0
3394,4,1
3665,5,1
1626,1,0
198,1,0
1383,3,0
3658,2,1
3566,5,1
3332,3,1
1644,5,0
6,3,1
4517,2,0
3595,4,0
3590,2,1
699,3,0
2539,4,1
4615,3,0
523,4,0
1637,3,1
1666,5,1
242,3,1
861,3,1
4012,1,1
832,3,1
3871,4,1
3544,2,1
3892,5,0
1674,2,0
19,2,0
3262,3,1
3198,5,0
1078,3,1
2884,1,0
2609,1,1
1840,3,1
4425,4,1
489,5,1
613,5,1
4281,4,0
4233,2,1
2591,2,1
2546,1,0
3093,3,1
2379,3,1
2013,1,0
3461,5,1
2634,1,1
2839,3,1
592,2,1
353,3,0
1558,2,0
961,5,1
3679,3,0
2019,1,0
4183,5,1
177,5,0
3464,5,1
4584,3,1
3226,3,0
3127,4,0
4236,2,1
128,3,1
1522,2,0
4408,3,1
819,3,0
2563,1,0
2478,3,0
3438,3,0
3651,1,0
4534,4,1
1451,3,1
2742,1,0
2936,2,1
3228,3,0
5,2,1
3927,2,0
2086,4,1
3545,3,1
2200,2,1
4631,4,0
3292,2,1
3416,1,0
289,5,0
1732,5,1
4152,4,0
2906,4,1
2793,4,1
3376,2,1
3864,4,1
3621,3,1
4418,1,0
4633,1,1
2152,5,0
2545,5,0
1270,2,0
4995,5,0
3582,5,1
612,1,0
1803,5,1
2474,3,0
1222,1,1
2493,3,0
3480,2,0
1179,1,1
44,1,1
478,3,0
3811,3,1
1855,1,0
3567,5,0
3492,5,0
3286,4,0
455,5,1
3505,2,1
4033,1,0
3955,3,0
199,2,0
263,5,0
2939,5,1
4947,5,0
4494,5,0
3828,2,1
3299,1,1
3021,2,0
542,4,0
1853,5,0
2168,5,1
1640,1,0
3111,2,0
1387,4,1
4472,4,0
1925,5,0
250,2,0
784,1,1
4075,5,1
3770,4,0
1110,1,0
1715,1,0
2856,2,0
4851,1,1
3330,1,1
4911,4,1
1351,1,0
1358,5,0
4189,2,1
3866,1,0
941,3,1
1721,1,1
1511,5,1
4361,1,1
3030,5,1
644,1,0
1808,5,1
4085,3,1
1092,5,1
474,3,1
403,1,1
1381,3,0
308,1,1
2783,5,1
754,4,0
3754,2,1
3424,1,1
1162,3,0
1744,4,1
1573,1,0
4495,3,1
1010,4,1
2598,3,0
4070,1,0
1340,4,0
3523,3,1
1274,3,1
2194,4,0
4414,1,1
3156,3,1
4164,3,1
3821,1,0
1141,3,1
4795,1,1
704,3,0
1711,5,0
3216,4,1
232,1,1
1751,2,0
3933,4,0
1231,1,0
701,5,1
363,5,0
1980,4,1
315,4,1
2560,5,1
3518,5,0
2409,4,1
382,2,0
4114,1,0
1769,4,0
1418,5,1
4448,3,1
4405,4,1
4039,3,0
3702,1,0
1483,2,0
3368,2,0
4036,4,0
1791,2,1
4446,3,1
3490,4,0
2750,3,0
1834,3,1
2732,4,1
2055,1,0
1486,3,1
2078,2,0
4509,2,0
3440,1,0
1033,4,0
64,1,0
4626,5,0
4627,5,0
3483,3,0
3344,5,1
3605,2,0
3458,1,1
1041,4,0
2511,1,0
895,3,0
77,4,1
2127,3,0
2655,3,0
2950,4,0
2311,5,0
1345,3,1
3303,3,0
652,4,0
826,2,0
2001,4,1
4834,4,0
4297,2,0
1856,2,1
3612,4,0
3533,4,1
1020,4,1
4764,5,0
763,3,0
2272,4,1
2448,4,1
4264,3,0
2175,2,1
1802,4,0
415,5,1
4028,1,0
4813,5,1
483,2,1
4388,3,0
664,5,1
1453,3,0
4860,5,0
1430,4,1
549,1,0
2212,2,1
4858,3,0
3033,4,1
2515,2,1
2428,1,1
3583,5,0
4447,2,0
4295,5,1
4465,4,0
3888,1,0
4257,4,1
1053,1,1
4642,4,0
736,3,0
562,5,1
3620,5,0
2578,1,1
4692,2,0
4549,3,1
223,5,0
2427,4,0
3551,5,1
1100,3,0
4855,1,0
692,2,0
2834,3,0
573,3,1
3108,1,0
3956,3,1
314,4,0
3619,3,1
4792,5,0
1273,2,0
4653,3,1
1695,4,0
4342,2,1
4926,2,1
4126,3,0
4064,3,1
1990,5,0
3137,2,0
4895,2,1
1825,1,1
1071,4,0
320,5,0
3485,5,0
1481,2,0
3004,4,1
4389,4,1
1996,2,0
3780,2,1
4263,2,0
4113,2,1
3397,4,1
3858,3,0
4723,1,0
929,4,0
2004,3,0
3568,5,1
1046,1,1
4406,5,1
2302,2,1
4270,4,1
163,4,1
3141,2,0
2766,1,0
225,5,0
4050,2,0
3144,5,0
4180,4,0
4826,3,1
1148,2,1
2223,1,0
4261,5,0
2035,5,1
518,2,0
858,1,0
4244,5,1
2390,5,0
1912,5,0
2482,3,0
2710,1,0
3421,1,0
2350,5,0
871,5,1
2791,2,0
878,5,0
4239,5,1
1070,1,1
497,1,1
769,3,1
2719,5,1
3644,2,0
4784,5,0
365,3,1
141,3,1
2183,2,0
1879,1,0
2552,1,1
4546,5,1
4078,5,1
4294,3,0
3916,5,0
182,5,0
2777,3,0
1850,2,0
3661,1,1
4986,5,0
2885,4,1
1023,1,0
2034,4,0
4670,1,0
4069,1,0
186,4,1
822,3,1
1048,3,1
1639,4,1
4836,2,1
3123,4,1
3839,5,1
753,2,0
4609,2,0
4110,3,1
448,1,0
2162,4,0
351,5,0
2802,1,1
125,4,1
1284,3,0
4235,4,1
1984,2,0
1466,4,1
142,5,1
3633,3,1
2324,3,1
29,3,1
1819,4,0
631,4,1
3725,1,0
9,2,1
3643,1,1
3945,5,1
4223,4,1
234,3,1
1119,3,0
2384,5,1
3844,3,0
627,1,1
1628,3,1
1821,2,0
1462,3,1
4443,2,1
1415,3,0
666,2,0
3848,3,0
2640,1,1
960,3,1
3120,5,1
3850,3,1
1590,2,0
705,3,1
855,4,1
1688,3,1
4962,4,0
4645,4,1
4282,2,0
3743,5,0
111,2,1
3531,4,0
2389,1,1
2659,5,0
71,3,1
2943,3,1
2652,5,0
4890,1,1
574,3,0
1493,3,1
3001,2,1
2300,5,0
580,1,0
3813,2,1
4402,4,0
4974,5,1
119,4,1
775,1,1
4745,3,0
2555,3,0
4847,3,0
2454,4,0
1516,1,0
2574,4,1
4748,1,0
2271,2,0
2344,5,0
742,1,0
1854,4,1
4912,1,1
3377,2,1
4136,4,1
3606,4,1
2525,4,0
515,2,0
2543,1,1
3650,1,1
286,1,0
4363,2,1
1946,5,1
4459,3,0
3886,3,0
1468,4,0
3984,3,1
922,2,1
3788,4,0
1008,5,1
4423,5,0
1133,4,0
3519,5,1
3853,3,0
2981,5,1
4071,2,1
4832,4,0
4898,2,1
813,5,0
4251,4,0
3676,4,1
649,4,1
4306,5,1
2717,2,0
1362,5,1
479,2,0
4454,5,1
287,5,1
2763,4,0
1733,1,1
3823,5,0
466,2,1
2017,5,1
171,2,1
4640,4,1
3859,2,1
3761,2,1
2583,3,0
440,2,1
1571,5,0
1380,1,1
3002,1,1
2131,2,1
4706,5,1
4359,1,1
2106,2,1
889,2,0
3946,3,1
496,5,1
4574,5,1
3051,2,0
25,3,1
1652,4,0
1322,4,1
3698,5,0
2483,2,1
1731,5,1
4676,2,1
1432,3,1
3245,5,1
947,2,1
1902,3,1
3548,4,0
903,4,0
1318,5,1
4312,2,0
1539,4,0
937,2,0
3790,2,1
4720,2,1
1077,1,0
3196,5,0
932,4,1
3237,1,0
2269,1,0
2331,5,1
3913,5,0
2485,2,1
4730,3,0
4624,3,1
3474,3,0
1883,2,0
4315,5,0
2242,5,0
2888,3,1
1924,2,0
897,1,1
1258,3,1
630,1,1
394,3,0
1532,1,1
539,3,0
3879,2,1
1800,4,1
4199,3,1
1905,1,1
4972,1,0
412,1,1
1612,4,0
1885,4,0
3378,1,0
3625,1,0
2947,4,0
2419,4,0
3763,1,1
4518,5,0
4815,2,0
578,1,0
2158,5,0
4857,1,0
4395,4,1
1726,4,1
2975,4,1
306,1,0
46,1,1
1349,2,0
2338,2,0
2892,2,1
3084,5,0
1582,3,0
432,5,0
1832,5,0
1805,1,0
1816,3,0
3540,2,1
1966,4,0
2406,4,0
1455,4,0
2334,3,0
2938,1,0
3861,3,0
2491,4,0
4059,5,1
4803,3,1
2377,1,1
4293,2,1
1015,5,1
4403,1,1
4023,1,0
3059,4,1
4669,5,0
1784,2,1
368,5,0
2025,4,1
3528,4,1
4537,1,1
1569,1,1
4779,2,0
2979,2,0
3880,2,1
145,4,0
2172,4,1
671,4,0
3104,1,0
4491,3,1
3882,2,0
812,3,1
1758,3,1
4861,3,1
4968,4,1
1778,1,1
4521,5,1
2747,1,0
681,5,1
2848,4,0
1657,4,0
1424,2,0
690,1,1
2214,3,1
1545,3,1
2073,4,1
444,1,0
1866,5,1
1499,1,0
305,2,1
1191,2,0
1792,1,1
2184,1,1
4825,2,0
3934,3,0
740,1,0
2125,1,1
4988,4,0
625,3,0
324,5,0
37,5,1
4763,3,0
3857,4,0
4868,4,0
3707,3,1
2662,1,0
987,1,1
4659,4,1
874,2,1
1512,2,1
2850,4,0
2899,4,0
827,3,1
2209,4,1
4409,2,0
4004,4,0
3638,2,0
507,3,0
417,2,1
857,5,0
2519,2,0
4227,5,0
752,4,1
2308,5,1
3884,5,1
337,1,0
1818,5,1
4839,3,1
2780,5,0
4649,1,0
1143,5,0
2954,1,1
829,1,1
533,3,1
4666,1,1
2844,3,1
3777,3,0
1716,4,0
4991,2,0
2288,2,1
446,4,0
4304,5,0
4987,4,1
4515,4,0
1297,1,1
3977,2,0
431,1,1
3546,1,0
2881,2,0
758,3,0
770,3,1
2787,5,1
2820,2,0
2039,2,1
3162,5,0
3959,2,0
1985,2,1
3018,4,0
3787,5,1
380,4,1
2318,1,0
2927,3,0
3479,1,0
1441,2,1
1667,1,0
1492,3,1
1262,4,1
1693,4,1
189,1,0
4936,3,0
4805,4,0
4696,2,0
1353,5,0
271,3,1
882,1,1
2146,5,1
2319,1,1
3642,2,1
1334,1,1
2071,4,1
4350,5,0
2252,2,1
2739,1,0
3749,5,1
3183,4,0
1249,2,0
3355,3,1
2337,2,0
1473,2,0
80,1,0
4942,2,1
1214,2,1
2928,3,1
2119,3,0
3973,1,0
4783,4,1
3500,1,1
2002,1,0
3322,5,1
23,1,1
2326,2,0
1303,2,0
3912,1,1
1245,3,1
839,4,0
1285,4,1
3171,2,1
1735,1,1
3242,2,0
3129,1,0
4547,5,1
1051,2,1
4200,5,0
1459,2,0
3115,1,1
1538,2,0
4915,1,0
3870,3,1
4030,3,1
790,1,0
696,2,0
653,5,0
2660,1,1
2822,5,1
4127,5,0
2567,2,1
3255,3,1
4989,1,0
3367,2,0
408,4,1
1875,5,0
1216,4,0
945,3,1
4555,1,0
53,2,1
272,1,1
3881,5,0
95,4,0
2096,4,0
4428,3,1
4021,1,1
4345,3,0
2897,2,0
4504,3,1
3082,2,1
4067,4,0
1281,4,0
3188,2,1
4108,2,0
3668,4,1
16,5,0
4457,4,0
4760,4,0
2439,1,0
3965,5,0
3125,1,1
72,5,0
4203,3,1
2313,4,0
1574,3,1
1901,4,0
3842,2,0
1229,2,1
1379,1,1
1186,3,0
1541,1,0
1339,4,1
4175,3,0
4208,2,1
4424,2,1
1519,5,0
1981,4,1
4473,2,0
738,2,0
4969,3,1
1134,4,1
919,2,0
1159,1,1
1757,2,0
3053,5,1
3311,1,1
1217,3,1
1868,3,1
295,2,1
4463,5,1
525,3,0
2432,1,0
2810,4,1
510,4,0
3873,4,1
1664,1,0
3610,3,0
2632,1,1
4045,5,0
4273,5,0
3345,3,1
322,1,0
3921,2,0
499,1,0
1864,4,1
4591,1,0
1529,5,1
201,5,1
697,3,0
4419,1,0
4274,3,0
358,3,0
1419,3,0
3597,4,0
1175,2,0
2147,4,1
3978,4,0
4313,3,1
3441,2,1
457,4,1
4787,1,0
2779,2,0
3572,4,1
104,4,0
1740,3,1
4340,4,1
3349,2,0
623,4,1
347,5,1
4929,3,1
1125,2,1
2751,3,0
3200,2,0
3098,2,1
2773,2,1
468,5,0
710,4,1
2434,2,0
3469,3,1
3907,4,0
646,5,0
4455,5,1
381,4,1
3414,4,1
38,3,1
4296,1,1
3390,3,1
668,3,0
4260,1,1
3454,4,1
2218,4,0
4426,1,1
405,4,0
3450,2,1
3151,3,1
4528,5,1
4250,3,0
2774,1,1
1013,2,0
2246,2,1
4487,2,0
659,4,1
4091,2,1
902,5,1
1788,4,1
2032,5,1
747,1,0
1108,5,0
2676,2,0
1389,5,1
1291,5,1
3609,4,0
2026,2,0
4820,5,1
3496,2,1
762,4,1
728,4,1
2837,4,1
2534,2,1
4871,5,1
1352,2,0
3081,3,1
1955,1,1
2049,1,0
4513,4,1
2015,3,0
4668,1,1
222,4,1
3908,2,0
1877,5,0
2930,5,0
2173,1,1
226,2,1
4076,5,0
1517,1,1
1544,2,0
3758,2,0
150,1,0
62,1,0
1403,1,1
341,4,1
2043,2,0
3080,1,0
2124,2,1
4139,1,1
3353,2,1
894,3,1
3841,4,0
4308,3,1
950,5,0
1677,3,0
4042,1,1
2087,4,0
270,2,1
2231,4,1
3443,1,0
4520,2,0
585,5,1
3149,3,1
313,5,1
2462,3,0
1123,4,0
4188,3,0
3991,3,0
4927,5,0
2872,5,1
4246,1,1
2772,4,1
2682,2,0
2788,2,0
2253,4,1
4759,2,0
777,4,0
4695,2,0
4344,4,1
91,5,0
1018,4,1
4603,4,0
3837,1,0
3577,2,1
4008,2,0
3410,3,0
1534,1,0
2023,1,1
2969,1,0
55,2,0
233,1,1
1678,4,1
2982,4,0
1874,1,1
2845,3,0
4843,2,0
4602,5,1
1647,2,0
1085,2,0
4334,5,0
1145,3,0
1410,5,1
1642,5,0
3724,4,0
4286,5,1
2477,2,1
2109,2,1
2053,3,1
3000,2,0
1401,1,1
461,1,0
2786,4,0
3154,3,0
3607,3,1
2082,3,0
4044,1,1
2321,3,0
3995,2,1
2859,3,1
297,3,1
3184,5,1
69,4,0
1958,2,1
4837,4,0
1681,1,1
257,1,1
2294,1,0
2226,5,0
924,2,0
2093,1,0
3110,4,0
4497,3,0
3447,4,1
3215,3,1
944,3,0
1776,2,0
1680,1,1
4098,5,1
2278,3,1
1947,1,0
1313,4,1
2796,3,1
2067,5,1
4272,1,0
581,2,0
2030,4,0
4902,2,0
2935,4,1
191,1,0
977,1,0
4005,5,1
2904,1,0
2663,5,0
567,2,0
3247,3,1
4604,4,1
2790,1,1
2444,1,0
4303,4,0
2100,1,1
2307,5,1
397,2,1
1865,4,0
4864,4,0
3437,3,1
848,5,1
3346,2,0
2691,3,0
2499,4,0
301,5,0
4289,2,1
4561,1,1
3054,2,1
683,2,1
2916,1,0
299,2,0
1916,3,0
4247,1,0
107,4,1
3553,2,1
2301,2,0
4710,4,1
566,4,0
1256,5,0
3511,2,0
2006,4,1
1000,3,1
2603,4,1
2831,1,0
147,1,1
4358,5,1
1749,2,0
2122,1,0
3132,2,0
4742,1,1
1575,5,0
209,4,1
1793,5,0
3899,5,1
4291,1,1
1026,3,1
801,2,0
190,5,1
1187,1,0
863,4,1
3142,3,0
4010,3,1
2340,1,0
1485,3,0
1773,5,1
2988,2,1
3306,4,0
3831,2,1
2890,2,0
2866,5,1
1261,2,0
1576,2,1
3928,1,0
2929,2,0
13,3,0
538,5,1
4881,5,0
3969,3,0
4202,3,1
2233,4,1
2012,1,0
4907,2,1
4373,4,0
3343,1,0
319,4,0
1171,2,1
1738,2,1
1899,4,0
4922,3,1
4415,3,0
1838,4,1
3136,1,1
391,4,1
335,5,0
4840,3,0
3468,3,0
3680,3,1
4661,4,0
2548,1,0
3207,5,1
2581,4,1
1278,5,0
4651,3,1
2532,5,0
4690,1,1
2081,3,0
3782,4,0
1442,2,1
1928,5,0
1394,3,1
3919,5,1
870,2,0
1843,5,0
1504,1,0
4279,4,0
2819,1,0
87,3,0
4162,4,1
981,2,1
2387,4,0
2187,1,1
1635,5,0
4594,2,1
3615,1,1
925,2,1
2526,3,0
4650,3,1
4782,3,0
2446,4,0
3493,5,0
1327,5,1
3382,5,0
2876,3,0
3800,3,1
122,5,0
2689,2,1
1580,3,0
638,2,1
1408,3,1
3304,3,0
823,5,0
2556,1,0
3696,2,1
4777,1,1
620,2,0
3201,3,1
3670,3,0
3138,1,1
2413,3,1
4597,3,0
4567,2,0
4700,2,1
372,2,0
4496,3,0
3003,1,1
378,5,0
4688,4,0
3630,2,0
773,3,0
1436,1,1
3963,5,0
2370,5,0
2047,3,0
1279,2,1
558,4,1
3802,1,1
4656,1,1
4422,4,0
1820,2,1
4883,1,0
3363,3,1
4357,3,1
3409,1,0
3579,3,1
1138,2,1
1443,5,0
2254,4,1
1713,5,0
1254,4,1
2771,1,0
418,2,1
1683,1,1
1135,5,0
2940,3,1
1149,3,1
3374,5,0
1333,4,1
399,3,1
726,3,1
4221,2,0
905,4,1
984,3,0
318,5,0
645,5,1
350,1,1
2551,2,1
794,5,0
3645,4,1
2760,1,0
3471,3,1
4449,5,1
2335,5,1
4583,5,0
2908,5,0
3244,1,0
3774,4,1
183,1,0
176,2,0
1081,2,0
4437,5,1
3515,2,1
2380,1,1
482,2,1
4634,2,0
2530,2,1
935,1,1
3731,4,0
3079,2,0
4619,2,0
619,5,0
3703,3,1
824,3,0
3117,2,0
3101,5,0
1583,3,0
4954,2,1
3641,3,0
1450,2,0
4332,2,1
3153,2,0
4092,3,1
4713,2,1
3460,1,1
4128,4,0
4575,2,0
2177,1,1
1105,4,0
2368,3,0
680,2,1
942,5,1
4034,3,0
3666,4,0
470,5,0
4058,5,1
2861,1,1
2768,2,1
729,3,1
1240,1,1
2268,3,1
2544,5,1
4852,3,0
3342,4,0
4383,3,0
3107,1,0
2276,1,0
2159,3,0
1968,5,0
3088,5,0
2492,3,1
2141,5,0
3453,1,0
1030,4,1
3133,2,1
3775,5,0
4538,1,1
121,5,1
4703,5,0
3404,1,0
1156,1,1
3148,4,0
1837,1,1
783,3,1
93,2,0
1646,1,0
2461,2,1
1234,1,0
3791,1,0
2934,4,1
2582,5,1
3807,3,1
2989,2,1
3301,1,1
4768,4,0
51,1,1
4305,4,1
2164,3,0
4287,5,0
443,1,0
712,1,0
641,1,0
1035,4,0
4024,5,0
774,2,1
3705,1,0
684,4,0
982,4,1
2395,1,1
4808,1,0
3818,4,1
1067,3,1
2266,1,1
4607,4,1
1828,1,0
1242,5,0
2794,3,1
555,4,1
2875,1,1
3010,4,0
557,2,0
4380,5,1
2105,2,0
1230,3,0
1289,3,0
4159,2,1
1824,5,1
4506,1,1
218,3,0
3808,1,0
4558,1,1
2360,5,0
1438,1,0
1747,3,0
1294,5,1
2058,5,0
1748,5,1
4368,1,1
4576,1,0
2167,3,1
3874,5,1
4899,2,0
2902,5,1
1049,3,0
4134,2,1
2094,4,0
1370,1,0
3047,5,0
3578,2,1
3214,3,1
4725,1,0
3514,5,0
888,4,0
725,1,1
4123,5,0
2066,5,0
746,2,0
2157,1,1
1889,2,1
1166,5,1
3280,3,0
597,3,0
2354,1,1
2589,2,1
4891,3,0
3067,3,1
971,1,0
1210,2,0
4512,2,0
2373,3,1
224,5,1
3058,3,1
426,3,1
2455,3,0
3169,2,1
3282,2,1
4903,3,0
1062,5,1
3052,1,0
3751,5,1
2277,3,1
915,1,1
776,5,0
1565,2,0
3835,4,1
3254,1,0
4681,1,0
1233,5,1
4867,2,1
3709,2,0
4572,3,1
4317,4,0
3284,1,1
4478,5,0
465,3,0
3261,3,1
2665,3,0
386,2,0
4349,3,0
1237,1,0
307,4,1
4746,4,0
4299,3,1
451,2,1
4086,3,1
4985,3,1
4324,2,1
3960,1,0
541,4,1
4336,2,1
4800,2,0
4977,1,0
4802,4,0
2857,4,0
3970,1,0
3854,5,0
1953,2,1
2466,2,1
1471,3,0
1146,2,1
3600,1,1
4741,5,1
4032,4,1
3834,3,1
3465,1,1
213,3,0
4216,1,1
2566,5,1
2283,5,0
317,3,0
4621,5,0
1513,5,0
2800,4,1
3797,5,0
106,2,1
4316,4,0
1038,5,0
3272,2,0
608,1,1
587,1,1
1625,2,1
1314,3,0
1965,2,1
2807,2,0
1556,1,1
285,2,0
4632,5,1
2668,1,1
1079,2,1
978,3,0
2457,3,1
513,4,0
3942,3,0
4536,4,0
1435,2,0
1932,2,1
2453,1,1
3700,5,0
2580,1,1
15,1,0
1685,3,0
3586,3,0
1961,1,1
3359,3,0
1754,4,1
2901,5,0
877,4,1
1570,2,0
1461,1,1
2052,3,0
3756,1,1
1346,5,0
4404,5,1
3192,2,1
1206,3,0
2239,2,0
2754,2,0
4393,4,1
1727,2,0
3714,3,0
3547,1,0
2310,5,1
437,2,1
4971,5,0
2715,3,1
890,3,0
3289,5,0
3165,5,1
2449,4,0
2941,4,0
4489,3,1
2258,1,1
375,1,1
3524,2,1
348,2,0
4323,1,1
2999,2,0
2059,2,0
1750,3,0
4290,3,1
674,1,1
3618,5,1
4161,4,1
3989,3,1
151,2,0
2966,3,1
1552,1,1
2585,4,1
4953,3,1
4865,2,0
3204,5,1
2046,4,0
82,3,0
3636,2,1
3635,3,0
1034,3,1
2858,3,0
527,3,1
4207,1,1
1927,3,0
2976,5,1
2470,1,1
2113,2,0
3246,4,1
4522,2,0
3372,5,0
3923,4,0
3786,4,1
1938,3,1
4859,3,1
506,2,0
4906,4,1
856,5,0
958,5,0
3542,5,1
227,3,1
4016,5,0
3911,2,1
300,1,0
108,2,1
3425,4,0
3022,1,1
4874,1,1
4232,3,0
1393,2,1
3042,5,1
1277,1,0
2685,2,0
3655,3,0
2980,5,0
1614,2,0
4683,2,1
1354,2,0
3106,3,1
1568,1,0
4196,5,0
1328,2,1
3979,3,1
3941,2,0
707,5,0
1437,4,0
1986,1,0
2441,5,1
4617,4,1
2752,1,0
2304,2,0
2624,4,1
2955,3,1
2698,3,0
4333,2,1
3580,5,1
1331,3,0
655,3,0
879,4,1
4143,5,0
565,2,0
1527,3,0
1158,1,0
1342,5,1
931,4,1
2250,4,0
1898,4,0
1355,2,0
4754,3,0
1524,2,1
2573,2,0
1293,3,1
3918,1,0
57,2,0
2829,1,1
160,1,1
3352,2,1
4877,2,1
1993,1,1
3649,1,0
200,1,1
781,1,1
764,2,0
2020,5,0
243,3,0
4343,5,0
836,5,0
2670,2,0
2828,2,1
662,1,1
3392,4,0
4228,5,0
2161,3,0
3403,1,1
1770,4,1
2437,4,1
4652,4,1
4433,3,0
2631,4,0
3768,4,0
716,1,1
2435,5,1
1597,1,1
4704,1,0
4743,1,0
3287,4,0
1332,5,1
2891,5,1
2238,3,1
4121,3,0
686,4,1
1495,4,1
2959,2,0
2896,2,0
2357,5,1
3025,1,0
352,1,0
3208,3,1
1193,4,0
1725,2,1
327,2,1
1533,3,1
2713,3,1
1407,2,1
2215,2,1
2007,5,0
310,1,0
2378,1,1
1607,5,0
3982,3,1
3720,3,1
4211,2,1
3164,1,0
2633,1,0
1072,4,0
2359,3,0
3005,5,0
2016,5,0
1399,1,1
1813,2,1
1615,5,1
1084,5,0
2953,3,1
18,2,1
349,4,1
3302,4,1
2363,1,0
862,2,0
1857,2,0
4714,3,1
3032,4,1
4729,5,1
4170,2,0
2048,5,0
1989,3,1
115,1,0
2072,3,0
3585,1,1
4205,4,0
2139,1,1
1584,3,0
4993,2,0
3952,2,0
4485,3,1
1724,3,0
4978,3,0
4482,1,1
3227,4,0
4206,4,0
1287,4,1
4533,5,0
501,4,1
3805,4,0
4728,2,1
1032,1,0
2092,3,0
564,1,0
4600,4,0
2484,1,0
4812,4,0
193,2,1
3683,1,0
782,5,1
1250,3,1
678,3,0
3506,3,1
4684,2,0
2191,5,1
187,1,1
1305,4,0
2727,2,0
237,4,1
1040,3,0
2376,3,0
1288,2,1
3267,3,1
2208,4,0
3317,5,0
851,3,0
2471,3,0
2769,4,1
2724,2,0
1244,4,1
4933,3,1
2588,3,1
675,5,0
3877,2,0
1610,2,0
2385,2,0
3419,1,1
439,4,0
4462,5,0
338,3,0
688,3,1
4524,1,0
3230,5,1
3112,1,0
3044,4,1
2795,2,1
4392,3,1
3219,2,1
2851,4,0
4371,3,0
4194,3,0
4351,2,1
3616,2,0
3166,4,1
1551,3,0
421,2,0
2755,5,0
1426,2,1
3307,5,0
908,3,1
4082,4,0
2590,2,1
3170,4,1
3085,3,0
771,5,1
4523,2,0
2196,3,1
3113,5,1
1221,5,0
4885,4,1
2898,5,0
3535,3,1
1118,2,1
4325,5,0
4198,5,0
2521,5,0
4581,1,1
3739,4,1
4718,1,0
4918,5,1
1867,1,0
661,5,0
3130,5,1
4781,5,1
743,1,0
3428,5,0
2575,5,0
1891,2,1
909,4,1
3715,1,0
4176,1,1
3037,5,0
4095,1,0
3627,2,0
1948,4,1
4726,5,0
3340,3,0
1722,1,0
618,4,0
617,2,0
2327,2,0
4481,2,0
4436,2,0
4230,2,0
4586,2,1
422,5,0
149,3,0
1518,1,0
2018,4,0
1501,1,1
3220,5,0
3687,4,1
2133,2,1
1951,5,1
3624,1,0
2522,2,0
262,4,0
648,3,1
2342,4,0
2240,2,0
4258,3,1
2458,1,0
2101,2,1
3224,5,1
1540,4,1
1487,4,0
3338,2,0
3019,1,0
2155,2,1
4892,1,1
1165,3,0
480,3,1
4319,1,0
1537,4,0
2504,2,1
2392,4,0
4490,1,1
3316,3,1
1858,2,0
3931,1,1
2061,1,0
642,4,1
1372,3,1
42,3,1
2468,3,0
2650,3,0
2880,2,0
134,4,0
3637,2,0
2720,4,1
1456,3,0
906,5,0
4149,5,0
643,4,0
2738,1,0
948,4,1
4849,2,1
859,3,1
323,2,1
3326,1,1
795,2,0
2579,4,0
867,2,1
4109,5,0
2626,2,0
1589,1,1
854,5,0
3846,4,0
464,3,1
2725,2,0
3827,4,0
4469,4,1
730,2,1
4872,1,1
3664,4,1
3484,4,1
157,4,1
3803,3,0
21,2,1
4269,2,1
1042,1,0
2697,3,1
3168,2,0
1302,3,0
4654,2,1
1422,1,1
952,1,0
1972,5,0
2538,3,1
3045,1,1
2282,5,1
4776,4,1
2648,3,0
4099,2,1
918,2,0
2992,4,1
4727,4,1
2764,5,0
3563,2,0
679,4,0
4330,5,1
967,2,1
2569,4,0
1223,2,1
3744,3,0
4755,2,0
388,4,1
3736,5,0
4590,1,0
2416,5,0
4618,5,1
460,2,0
155,1,1
3536,1,0
2577,3,1
2399,3,0
2050,4,0
3845,2,1
2451,3,0
2813,1,0
969,5,1
2630,1,1
3593,5,1
4996,2,1
3817,4,0
1833,2,0
907,2,0
1871,5,1
2292,1,1
1007,2,0
4791,4,0
1086,4,0
453,5,0
2251,1,1
3639,5,0
2765,5,0
788,3,1
590,4,0
1472,1,1
2870,5,1
1283,2,0
4394,3,0
1599,2,0
3333,2,0
179,1,0
4587,3,1
804,4,1
1943,5,0
1536,4,0
930,5,1
2646,4,0
402,3,0
2293,1,0
4827,5,0
2842,1,1
1933,3,0
3268,1,0
1122,4,0
4335,1,0
247,5,0
1208,3,0
2204,5,1
3534,1,1
1004,3,1
3860,4,1
4166,1,0
1341,4,0
3634,2,0
2737,3,1
4992,2,0
4288,1,0
616,1,0
2570,4,0
4796,4,0
1225,4,1
3386,5,0
735,3,1
392,3,1
2315,1,0
1709,1,0
4322,3,0
1641,2,0
3748,4,0
2057,3,1
132,4,0
2595,2,1
3024,3,1
2905,5,0
26,1,1
825,4,1
2382,3,1
582,5,0
4904,5,1
714,3,0
2734,1,0
92,1,0
4780,4,0
4124,5,0
4917,3,1
3681,2,1
1500,2,1
1673,3,1
4384,2,1
778,2,0
259,2,1
1893,4,0
2123,1,1
3975,1,1
3057,3,1
3086,4,1
4967,5,0
294,5,0
3793,4,1
3914,5,1
2833,2,1
3213,1,0
4724,4,0
4531,5,1
792,5,1
4262,3,0
1066,2,1
1987,4,1
2707,5,0
3105,5,1
3163,1,0
3816,3,1
4470,5,1
45,5,0
3160,1,0
1465,2,1
210,1,1
2978,1,1
4955,3,0
2398,3,0
1307,1,0
1390,4,1
3829,2,1
481,1,1
3706,1,1
2309,2,1
3321,5,1
2178,4,1
4197,4,0
3708,4,1
1295,2,1
1409,4,1
4407,4,1
398,5,1
1535,4,0
357,4,1
3847,4,1
105,3,1
2475,5,0
4377,2,0
2804,3,1
3966,5,1
1651,5,0
1603,3,1
1329,4,1
2182,1,0
3594,4,1
2102,2,0
3073,3,1
2415,3,1
842,3,0
4588,2,0
30,1,0
1801,4,0
316,4,0
1098,5,0
1378,5,0
3178,1,1
3068,3,0
2664,5,1
3251,2,1
4450,1,1
393,2,0
2512,2,1
137,3,0
687,5,0
436,4,0
4535,5,1
4789,2,0
1566,5,1
1043,4,0
2729,5,1
3936,4,1
1903,5,1
383,3,1
1095,3,1
2894,3,0
3838,1,1
4541,3,0
2695,4,1
3993,4,1
4552,5,1
3902,5,0
1606,3,1
2362,1,1
2356,2,1
2464,1,1
2117,3,1
3865,5,1
2613,4,0
4589,5,0
3066,1,1
471,3,1
759,5,1
1977,5,0
2832,5,0
1950,2,0
4771,5,0
1057,3,1
3764,5,0
1717,4,1
1880,3,0
4037,3,0
1160,1,1
3560,5,0
2091,1,0
4573,2,0
4401,5,1
3943,3,1
1763,4,0
41,1,0
4249,4,0
1940,5,1
1507,5,1
721,5,0
2207,3,1
2467,2,1
486,4,0
3561,5,1
2789,3,0
217,4,1
49,5,1
986,2,0
293,3,1
3369,5,0
3895,2,1
2041,2,0
2249,3,1
4464,3,0
2547,2,1
3323,2,1
4060,5,0
3034,1,1
4193,4,0
605,5,1
1629,4,1
4707,5,0
2115,3,0
1510,4,0
4055,3,0
787,4,0
4158,1,0
2297,1,0
3362,2,1
2328,3,1
4889,4,0
2985,5,0
4398,4,1
833,2,1
2887,4,0
548,2,0
1506,4,0
3755,3,1
1082,2,0
1917,2,0
4970,1,1
3556,4,1
2893,4,1
3662,1,0
2121,3,1
89,3,0
2011,2,1
3405,2,0
3776,2,1
1811,5,1
2740,4,0
252,2,0
1271,5,1
1992,5,0
4102,1,1
196,1,0
264,3,0
2616,1,0
3498,4,0
1094,5,0
1593,5,1
2696,1,0
4500,5,1
2401,5,0
3596,1,0
1202,4,1
2784,3,0
2097,4,0
3290,5,1
1029,1,1
4066,2,1
2084,3,0
1104,4,0
569,2,1
3270,5,0
4932,5,1
4999,2,1
1530,2,0
2564,1,0
3550,4,1
2264,3,0
2757,5,0
4256,3,0
1827,5,1
596,2,1
3983,5,0
603,5,0
4641,5,0
522,1,0
1423,3,0
4084,3,1
2322,3,0
175,1,0
1546,3,1
4356,4,0
4337,5,1
3889,1,0
938,3,0
267,1,1
4909,5,1
1088,2,1
4821,1,0
3719,5,1
3729,1,1
2506,1,0
4829,5,1
428,4,1
4894,3,1
4571,4,0
2501,1,1
1702,3,1
1298,4,0
2069,2,1
2128,4,0
2550,3,1
4210,3,1
395,2,1
4146,5,1
2132,1,1
2900,5,1
2440,5,1
917,3,0
1712,1,0
3820,3,0
2262,3,1
4678,5,0
4275,2,0
167,1,0
3935,3,0
4190,3,1
203,1,1
1794,3,1
434,1,1
3812,5,1
4182,4,0
3209,2,0
1201,4,0
255,1,1
452,5,0
3076,3,0
4887,4,1
1835,5,0
3070,5,1
3830,5,0
4410,3,1
3718,5,0
521,4,1
957,1,0
2654,2,0
3930,3,1
2400,5,0
345,4,0
995,2,1
2325,2,0
4982,3,0
3185,2,0
3799,1,1
2366,3,0
2090,4,0
2436,2,0
4326,1,0
4386,2,1
1730,3,0
4612,5,1
2910,3,1
1587,4,1
2686,3,0
1498,5,0
3985,5,1
1617,4,1
4773,1,0
112,1,1
1075,1,0
83,2,1
3741,2,1
2617,1,0
3193,3,1
3778,5,1
3686,1,1
1376,3,1
3150,1,1
85,3,1
2199,3,1
4717,3,1
757,4,0
1429,3,0
2946,4,1
304,5,0
3122,1,0
1027,1,0
219,2,1
1983,5,1
4828,2,0
2805,1,1
3309,3,0
1894,1,0
4003,3,0
1926,3,0
86,5,1
3896,3,1
3629,4,0
47,5,1
4976,1,0
589,5,0
4866,3,1
1056,3,0
1994,2,0
3384,4,1
3472,4,0
1301,4,0
959,5,1
1091,1,0
68,4,1
2743,2,1
4739,2,1
2635,5,0
816,5,1
4151,5,1
3318,1,1
2045,1,0
3692,2,1
1694,2,1
4964,2,0
3592,2,1
3753,2,0
1155,2,0
1780,5,0
891,2,1
2064,4,1
261,1,1
847,2,1
2852,1,0
963,5,1
3212,5,0
1137,1,0
4793,2,0
1608,1,1
3740,1,0
3570,1,1
3924,4,1
2973,1,0
3728,5,1
1742,3,1
135,5,1
430,3,0
1170,3,1
1849,5,0
660,3,0
216,3,0
900,5,0
3043,4,0
622,5,1
543,1,0
3996,5,1
1112,4,1
2080,1,0
1759,3,1
4160,2,1
2970,2,1
2708,3,1
4271,4,1
3569,1,0
1413,1,0
4283,4,1
912,4,1
4952,1,1
2836,1,1
2267,3,1
682,3,0
2699,1,0
2229,2,0
4172,3,0
511,4,0
2005,3,1
545,5,1
302,5,1
2339,4,0
1872,2,0
4090,4,0
3559,4,1
208,4,0
4153,5,1
586,4,1
875,2,0
3408,3,1
972,2,1
4905,5,0
2914,4,0
2949,5,0
637,1,1
4975,1,0
1147,2,0
4948,5,0
1775,3,0
3210,1,0
2956,4,0
4135,2,0
4854,1,1
2728,3,0
1790,2,0
2009,3,1
594,4,1
4510,4,0
360,5,1
4516,3,0
3152,3,0
800,4,1
3732,4,0
1103,5,1
3773,5,0
837,3,1
3427,3,1
2068,5,0
3222,4,0
2730,5,1
4785,2,1
3102,5,1
3334,5,1
2198,4,1
1200,2,1
1671,2,1
3187,2,1
1697,3,1
3029,1,0
4505,3,0
1797,3,1
2611,3,1
4844,2,0
2672,3,1
2823,1,0
273,3,0
821,3,0
2744,5,0
4115,3,1
4691,4,0
1031,5,0
3146,5,1
519,2,0
396,5,0
1431,4,1
1246,3,0
2853,5,0
2629,4,1
101,1,1
2974,1,1
4057,3,1
3937,1,1
1660,3,1
3716,4,1
2835,2,0
546,1,0
3337,3,1
4620,3,1
2235,3,0
2352,2,1
78,1,0
1553,5,1
238,2,0
3475,3,1
4379,4,0
4979,4,0
4648,2,1
1050,5,0
1789,1,0
472,3,0
4878,4,1
2232,4,0
3331,3,0
4026,3,1
3014,5,0
1869,2,1
2286,5,0
214,2,1
165,5,1
4054,2,0
807,2,0
534,3,1
1836,2,1
4655,3,1
3006,5,1
1542,3,0
1127,2,1
266,5,0
4439,5,1
3011,3,1
3179,3,0
3298,4,1
1708,5,1
2557,5,1
3772,2,1
260,4,0
4107,3,0
370,2,0
722,2,0
841,2,1
32,3,1
1621,5,1
450,1,1
4106,1,1
923,5,0
3660,5,1
1324,2,1
3035,1,1
4486,2,0
2843,2,0
4550,3,1
1909,2,0
1275,4,1
1347,3,1
4841,1,1
2961,3,1
4156,4,1
2403,1,0
97,4,1
4147,2,0
2620,1,0
1491,5,0
2476,5,1
4772,4,1
1025,1,0
3391,3,1
2869,2,0
4674,1,0
3814,2,0
2323,5,0
1131,4,1
2761,5,0
4056,2,1
526,5,1
1665,4,0
2083,1,0
2808,2,1
2860,1,1
1787,4,0
2972,3,1
2865,4,0
965,5,1
1741,3,0
2702,4,1
1219,3,0
4226,4,1
3195,4,0
2014,1,1
2274,4,0
2188,1,0
4599,3,1
2077,1,0
4646,2,1
1097,2,0
577,2,1
130,1,0
3752,5,1
3745,1,1
1386,2,0
2912,2,1
1184,4,1
2438,1,0
4421,4,1
3657,4,0
4094,4,0
4697,4,0
4396,1,0
1213,3,1
892,3,0
4711,3,1
3781,4,0
3395,2,1
1457,5,1
1766,4,1
4663,1,1
1290,2,0
3056,1,1
4242,3,1
2599,3,1
401,2,0
1760,4,1
571,5,0
601,2,1
2584,1,0
136,1,1
3869,1,1
4017,2,0
3491,1,1
3783,1,0
983,3,0
4104,3,0
2703,4,1
3439,3,0
2705,5,0
818,3,0
3671,4,1
1936,3,1
1417,5,0
3075,3,0
1152,3,0
1783,3,1
4177,2,0
1841,2,0
901,1,1
377,3,0
4686,4,0
1528,2,0
3526,4,1
433,1,1
1488,2,0
951,2,1
1076,2,0
843,5,1
3543,2,0
2420,2,0
658,4,1
2176,4,1
4731,2,1
3250,4,0
913,2,1
4662,3,1
1153,4,1
3253,2,0
520,4,1
1622,1,1
265,1,0
3922,3,0
2554,1,1
3487,3,0
3218,4,1
4816,3,0
1021,4,1
1523,5,1
4068,3,1
2797,2,1
1080,2,1
4798,5,0
765,5,1
1264,5,1
2986,4,0
2995,3,1
4138,2,1
1012,1,0
3759,1,0
2343,5,0
4956,1,1
4452,5,1
4856,4,1
3365,3,0
2487,2,1
2108,1,0
1701,1,0
376,1,0
3613,2,1
2060,1,1
4994,1,1
4234,2,0
2825,1,0
2658,2,0
3688,3,1
1934,5,0
2524,5,0
554,3,0
4133,5,1
1806,2,1
4129,2,0
3341,3,0
253,3,0
1235,4,0
4125,4,1
2812,3,1
4544,5,0
3313,2,0
467,1,1
2846,4,0
1973,4,0
798,4,1
1106,5,0
4635,4,1
4240,3,0
1930,1,0
2983,1,1
4438,3,1
1251,3,1
2540,5,1
1009,3,1
3426,2,1
1618,2,1
3400,4,1
3060,1,1
4413,4,0
1024,2,0
3851,1,1
2149,5,0
4022,1,0
34,1,1
1698,1,0
4563,2,0
893,1,1
689,1,1
1371,2,1
4441,1,1
3971,2,1
3257,2,1
1531,3,1
279,4,0
4052,3,1
4111,5,0
185,2,1
1796,4,1
3432,1,0
2412,2,1
3722,5,1
1687,2,1
230,3,1
493,2,0
3735,2,0
1194,4,0
4753,4,0
3591,2,1
4328,4,1
3549,1,0
791,5,1
3199,1,0
1476,5,0
3278,5,0
3502,4,0
4184,3,0
561,3,1
4118,4,1
4029,3,1
3766,2,1
4148,1,1
1385,3,1
1679,1,1
2103,3,1
2257,3,0
2541,4,1
184,4,1
4527,1,0
3295,1,0
4914,1,0
4592,4,1
3819,3,0
4237,5,1
3327,5,1
503,5,0
4204,4,1
3691,1,1
4811,2,0
4582,5,1
1411,4,0
4806,5,1
4542,2,0
1439,5,1
4735,5,1
4171,1,1
2924,3,0
3695,3,1
4087,3,1
3697,4,1
4267,2,1
2667,1,1
2244,2,1
4338,3,0
3958,1,0
2028,1,0
3155,5,0
4665,4,1
3964,3,0
4585,5,0
4923,2,0
1768,4,1
116,2,1
3951,3,0
413,3,0
425,1,1
1591,1,0
490,3,0
4893,1,0
4804,2,1
1447,5,1
4930,5,1
3118,4,0
159,4,0
1988,3,0
4853,2,1
1672,5,1
4539,1,1
4493,5,0
1650,5,0
3008,5,0
406,2,1
3477,4,1
361,3,0
4761,4,1
1514,4,0
535,5,1
1469,5,1
3258,2,0
3986,2,0
3436,4,1
2701,5,0
4647,4,1
579,2,0
1463,1,1
1470,4,0
1752,1,0
3999,5,0
492,5,0
1876,3,0
2136,1,1
1316,5,0
4474,3,1
4664,3,1
1764,5,1
4255,4,0
724,1,0
2353,4,0
3041,1,0
3750,4,0
4608,3,0
1241,5,0
2814,3,1
4385,5,0
4614,3,1
4667,1,1
3796,1,1
1878,2,0
2447,2,0
4830,5,0
2393,3,1
1494,4,1
2994,4,1
3161,2,0
1844,1,1
3804,4,1
2945,4,1
1348,4,0
1521,2,0
3039,1,0
1585,1,1
4984,4,1
2958,1,0
2680,2,1
3445,2,1
1343,3,0
3012,5,0
54,3,0
2806,5,0
962,3,1
3145,2,1
575,3,1
3232,3,0
4375,2,1
2070,3,1
2303,3,0
2967,5,0
611,1,1
215,2,0
1624,1,1
532,1,0
4049,3,1
2317,2,0
1006,1,1
1605,3,0
3565,4,1
529,5,1
4569,1,0
2247,1,0
3176,4,1
4266,2,0
3810,3,1
1636,3,0
1367,1,0
2210,2,0
835,4,0
170,5,1
4498,1,0
1781,1,0
3640,5,1
487,1,0
241,5,1
1600,3,0
993,2,1
4072,2,0
2054,3,0
2170,5,0
876,3,1
2684,3,1
1464,5,1
973,5,0
1197,1,1
4630,1,1
2767,2,1
2,5,0
1907,3,0
4213,5,1
2213,5,0
1620,4,1
2345,5,0
4701,4,0
698,5,1
1922,2,1
244,5,0
4000,4,1
2735,1,1
3417,5,1
1772,1,1
1779,5,0
331,3,0
1060,2,0
2089,3,0
1888,1,0
845,5,0
2721,2,0
3701,3,1
4154,1,1
3872,1,1
2688,2,0
516,1,0
4543,2,0
2505,4,1
2036,4,1
715,3,0
702,4,1
1548,4,0
2537,5,0
2263,5,1
4824,2,0
3900,2,1
2374,3,0
4888,1,1
4038,2,0
1676,4,1
3434,2,0
1002,4,0
139,4,1
4088,2,1
4734,2,1
2205,1,0
3294,4,0
1906,4,1
4715,1,1
3266,2,1
2641,4,1
4167,2,1
2854,4,1
3726,4,1
2643,5,0
2889,3,1
1559,2,1
3981,4,1
4775,5,0
1592,1,1
4397,2,1
3767,4,0
1296,2,1
4502,2,1
2636,1,0
2731,4,0
1520,1,1
3631,4,0
844,1,0
2347,2,1
1093,1,0
2051,1,0
4416,5,1
559,3,1
1921,1,0
2868,2,1
2185,2,1
495,1,0
528,2,0
2709,4,0
4048,1,1
2722,2,0
4919,4,0
3517,4,1
2391,2,0
3135,4,0
3539,5,1
2452,1,1
3509,5,0
2381,5,0
3862,2,1
3499,1,1
3863,3,0
4477,4,1
4053,3,0
1689,4,1
647,5,1
974,2,0
311,3,0
3601,4,1
1998,3,0
665,5,1
3430,4,0
2923,1,1
614,5,1
3264,2,0
1267,3,1
2280,5,0
4285,2,0
4629,3,0
1920,2,0
1645,5,1
3096,2,1
4354,5,0
1954,5,1
713,3,0
536,2,0
3672,1,1
1397,5,0
657,3,1
4794,4,0
3504,3,0
2687,2,0
1761,5,0
2778,1,0
4248,5,0
3737,5,1
3632,5,1
1257,5,1
999,4,1
4468,4,0
4367,5,1
1979,1,0
3840,3,1
4025,5,1
1330,3,1
1359,5,1
693,1,1
2316,2,1
4215,5,0
4077,5,1
4019,3,0
2920,3,1
4238,4,1
1774,3,0
2442,2,1
4913,4,0
2674,5,1
3451,3,0
508,2,0
2189,5,0
2305,2,1
2256,2,0
2180,4,1
1247,2,0
2863,3,0
3552,5,1
1136,2,0
3049,2,0
4940,1,0
2265,4,0
4595,5,0
4015,4,0
1692,1,0
3581,4,0
4598,5,0
2027,1,1
3435,1,1
4456,4,0
3622,2,1
3693,3,1
3126,2,1
2490,5,0
3611,3,1
3765,5,1
385,1,0
1505,5,1
1168,2,1
920,1,0
3747,4,1
4051,4,0
1045,3,0
3771,2,1
1668,3,1
3980,1,1
1978,3,0
946,2,0
3407,5,0
3375,4,0
2156,5,0
1745,3,0
3762,4,0
1388,1,0
1594,3,0
4018,3,1
820,4,0
1782,4,1
2671,3,0
1982,1,1
621,1,1
3525,3,1
99,5,1
2145,1,0
1011,4,1
1157,5,0
31,1,0
4131,5,0
3998,3,1
491,2,1
275,4,1
4716,3,0
1255,4,0
695,4,1
3452,4,0
3433,4,1
4553,3,0
1391,5,1
4679,1,0
4362,2,1
140,1,0
3940,3,0
2169,1,0
4644,5,1
4819,1,1
1655,1,1
1130,5,1
3143,3,1
3482,1,1
2803,2,1
4043,3,1
1631,1,1
202,1,0
2496,2,1
1449,3,0
1886,2,1
3026,4,1
3423,5,0
220,4,0
1325,2,0
3926,1,1
4554,5,1
7,2,0
1260,4,1
3288,4,1
269,3,0
2203,5,0
955,1,1
4100,4,0
3100,5,1
39,5,0
248,4,1
1116,3,1
278,4,0
3530,2,1
3269,4,0
2883,2,0
427,4,1
3240,3,0
1398,5,1
2417,1,0
3939,5,1
1101,5,0
2549,2,0
4938,3,0
4192,4,1
2330,3,1
2628,5,1
2142,2,0
4130,1,1
4222,5,1
1896,3,0
3354,1,1
1670,2,1
3843,4,0
3795,2,1
2225,4,0
3656,1,0
4622,2,0
3647,3,1
4391,3,0
517,1,0
3893,1,1
1016,2,0
2095,3,0
629,1,0
389,5,1
1814,5,1
4643,5,1
3988,4,0
1682,5,1
1659,1,0
328,2,0
1581,2,0
2430,3,1
4214,2,1
2886,4,0
3159,4,1
2320,3,1
2418,4,1
1913,1,0
4511,3,1
990,3,1
4220,1,0
3463,1,1
1817,2,0
3968,1,1
537,4,1
4073,3,0
966,3,1
2192,1,1
110,5,1
1861,1,0
2346,3,1
1489,4,1
3906,3,1
2608,2,0
2623,1,1
1185,2,0
251,4,0
4006,5,1
3411,3,0
3589,1,1
2596,1,0
1851,4,1
2281,4,1
980,5,1
3878,1,1
4751,3,1
3061,4,0
2312,3,0
1218,4,1
3521,4,1
4224,5,1
3564,1,1
4817,4,0
1737,5,0
672,1,1
2704,4,1
749,5,1
2683,1,0
3273,2,0
459,2,0
3274,4,0
1356,5,1
3541,5,0
4430,1,0
3366,4,0
1658,5,1
3203,1,1
2919,2,1
602,4,1
1309,1,1
2592,1,1
1662,3,0
670,2,1
4014,1,0
2706,1,0
1059,4,0
1392,4,0
4939,2,0
48,1,0
400,2,1
4747,1,1
207,4,1
3653,4,1
239,5,1
799,2,0
3832,1,1
3757,1,1
4339,5,1
3252,4,0
1132,4,0
1572,2,1
570,3,1
1068,1,0
3069,5,1
1959,4,1
3293,5,0
595,5,1
4799,1,0
129,3,1
3036,3,0
2656,1,0
2469,2,1
1109,2,1
2607,3,0
2957,3,1
3229,3,0
1300,4,0
1448,1,0
1753,2,1
2402,1,1
1308,5,0
4314,5,0
3095,2,0
4638,3,1
4093,4,0
3663,5,1
96,2,0
3532,1,0
718,1,1
3357,4,1
1852,1,0
886,3,0
3997,4,1
1252,2,0
4097,3,1
4846,3,0
4998,2,1
192,4,1
4525,5,1
168,5,1
197,4,1
4685,4,1
2821,3,1
1368,1,0
477,5,1
600,3,0
1900,4,1
1276,5,0
3256,4,0
3646,5,0
1596,1,0
2033,2,0
4370,5,1
1941,3,0
2137,5,1
3023,1,0
767,5,1
1555,2,0
1911,5,1
3393,3,0
276,2,0
576,3,1
1207,3,0
2918,2,1
4355,3,0
485,3,0
3481,3,0
28,1,1
4311,1,0
556,5,0
3512,3,1
58,5,0
3909,4,1
2044,2,1
407,3,0
4174,3,0
3206,1,1
866,1,0
2489,4,1
4790,2,1
933,5,0
2495,4,1
1706,1,1
936,3,1
1944,5,0
1120,5,1
1654,5,1
846,4,1
4822,3,0
3297,5,0
3856,4,0
1653,4,1
2518,1,0
4327,4,1
1734,4,0
2465,3,0
2459,1,1
4551,5,0
1414,4,0
2838,3,0
3225,3,0
639,4,0
40,3,1
3513,4,1
744,1,0
4503,1,1
2270,3,0
2129,4,1
4762,5,1
3953,5,0
4910,2,0
1942,2,0
1335,3,1
968,3,1
2008,2,1
2118,1,0
2692,1,0
991,1,0
1382,4,1
4476,4,1
3329,2,0
4963,5,0
3300,5,0
3383,3,0
1482,3,1
1117,3,1
4680,1,1
2601,2,0
1700,4,0
899,4,0
4365,3,0
4001,3,1
989,1,1
1904,3,1
3031,5,1
4605,3,1
1037,3,0
1460,5,0
246,5,1
2621,2,1
748,4,0
346,1,1
3898,3,0
2153,2,1
4593,3,1
2937,2,1
3626,5,0
4353,5,0
3727,2,1
4280,2,0
463,3,1
3139,1,1
50,3,1
2873,1,0
1319,5,0
632,3,0
254,5,0
4565,5,0
1047,5,1
4869,5,0
552,2,0
2666,4,1
1746,2,1
2700,5,0
24,3,0
4117,4,1
3315,5,1
4916,3,1
4310,1,0
1474,5,1
3046,5,1
2358,3,1
1064,1,0
3520,4,1
1360,1,0
2306,1,1
4277,3,0
4765,3,0
3277,2,0
4908,1,0
4687,5,0
3389,5,0
4065,3,0
809,4,1
3121,1,1
1434,1,0
544,5,1
2678,3,1
2528,5,1
4475,2,1
2792,1,0
4241,3,1
476,4,0
4483,5,0
4613,1,0
1400,1,1
4671,2,0
766,4,0
3833,2,1
1425,2,1
1847,5,1
2510,2,0
3055,1,1
3721,2,0
2915,2,1
2925,5,0
599,1,1
3949,4,1
4738,5,0
2245,2,0
3140,4,1
3809,5,1
834,2,0
