ID,Likelihood,Actual_Vaccination
825,3,1
468,4,0
2333,4,0
4058,3,0
3952,2,0
997,2,0
3390,2,1
2805,1,1
1981,1,1
2929,4,0
2574,4,1
1894,2,0
4186,3,1
3053,2,1
1723,4,0
4322,5,1
3856,4,1
4170,5,0
1750,5,0
4716,3,0
3097,3,0
2930,1,0
1885,3,0
4157,2,0
2382,2,1
2397,4,1
1706,1,0
1314,1,1
223,2,1
3373,3,0
4628,2,0
4014,3,1
2866,3,0
2873,3,1
316,3,0
112,5,1
2435,3,0
788,3,0
2696,2,1
4343,4,0
2283,2,0
2850,2,0
4837,1,0
191,3,1
2117,1,0
850,4,1
3896,5,0
3752,1,1
2179,4,1
3596,4,0
4688,4,0
1531,1,1
506,4,1
477,5,1
111,2,0
294,2,1
21,2,0
1552,4,1
4137,2,1
1601,3,1
3818,3,1
3572,2,1
63,1,0
3214,4,1
2700,4,0
4539,3,1
2926,1,1
1105,3,1
3254,1,0
3977,2,1
1987,4,1
2342,2,1
2278,3,0
4462,2,1
1572,4,1
4431,5,1
974,5,0
2786,5,0
3348,4,1
4826,3,0
4434,1,1
1129,2,1
2045,1,1
2279,3,1
596,4,1
1483,1,1
382,3,1
3936,4,0
387,3,1
3922,5,1
2204,4,0
4875,1,1
2453,4,1
3566,5,1
2033,3,1
138,3,0
4936,1,0
4274,5,1
3333,4,1
4109,5,1
3135,3,0
74,2,0
4188,4,1
1240,1,0
2065,5,1
1564,1,1
1653,3,1
3270,5,0
1142,1,1
4512,1,1
3900,1,1
4705,3,0
474,5,0
4425,3,1
2771,3,0
4818,4,1
408,5,0
3965,4,0
2164,2,1
964,3,1
3114,3,1
1692,5,1
1322,4,0
337,5,1
4776,5,1
4479,3,1
2419,4,1
1221,4,0
464,5,1
4814,2,0
392,5,0
3540,2,0
1563,4,0
4910,3,0
3411,3,1
861,2,0
458,2,0
1480,2,1
4655,5,0
4557,5,1
4487,1,1
2997,4,0
4147,2,0
1060,4,0
2407,3,0
1337,3,0
1109,2,1
4673,5,0
1635,5,1
3344,2,0
4756,2,1
3683,5,0
3424,5,1
2736,1,1
4865,4,1
2547,1,0
1099,5,1
4454,4,1
4175,1,0
2396,1,1
4368,3,1
1648,4,1
3910,3,0
1484,3,0
2356,4,0
4152,3,0
4595,3,1
4724,3,0
2060,1,0
363,2,1
1021,5,0
3891,3,0
141,4,0
2717,5,1
3542,3,1
4774,1,0
973,5,1
917,4,0
728,2,0
3146,3,0
2465,1,0
1429,1,1
1841,2,1
3525,1,1
2883,5,0
2166,5,1
1877,5,0
729,1,1
2907,1,0
2725,5,0
432,3,0
388,2,0
774,1,1
3512,5,1
3100,1,1
3365,2,1
2506,1,1
2,2,1
820,4,0
1130,1,1
3401,3,0
4000,4,1
3336,2,0
1117,4,0
4782,1,0
4706,5,1
2823,2,0
2619,4,0
2349,2,1
860,4,1
1069,4,0
884,5,0
4652,1,0
2402,2,0
142,1,1
1147,3,0
545,5,1
3307,1,1
1194,2,0
2594,3,1
2521,3,1
1701,3,1
794,4,1
3804,5,1
3785,4,0
1350,1,0
3224,4,1
4585,1,1
4513,4,1
2841,2,1
3561,3,1
3201,2,0
2627,5,0
261,2,0
3886,2,1
2579,5,0
2269,4,0
1855,4,0
1365,4,1
4097,2,1
1048,3,0
203,1,0
3499,4,1
1008,1,0
469,4,0
393,5,1
2618,4,1
2852,3,0
4511,1,1
4976,5,1
4660,1,1
4897,2,1
3328,4,0
2123,3,1
624,4,0
634,3,1
4742,1,1
4983,2,1
109,2,1
1121,3,1
2670,3,0
2877,2,1
1709,1,1
4420,4,1
875,4,1
2639,4,1
87,2,0
1617,5,1
2801,3,0
2778,5,1
1150,2,0
1790,4,1
2549,4,0
349,5,0
4531,3,1
2140,1,0
2057,2,1
1357,4,1
201,2,0
658,4,1
2201,4,1
585,3,1
675,1,1
2660,4,0
4179,5,0
462,4,1
4367,5,1
1662,1,0
2241,3,0
3232,3,1
3476,1,0
2370,2,0
4791,5,0
1797,1,1
4468,2,1
4707,4,0
4074,3,0
4676,5,1
1842,5,1
1339,1,0
1951,5,1
4223,3,1
4230,4,1
4555,3,0
501,2,0
144,3,0
2919,5,0
3380,4,1
2030,3,0
2482,4,0
668,2,0
2712,5,1
3416,3,0
4805,5,1
630,4,1
4768,1,0
1735,4,1
2901,5,1
3022,5,0
3782,3,0
256,2,1
4811,4,1
1326,2,0
504,1,0
4633,5,1
1223,1,0
641,3,1
1645,4,1
4400,4,1
2379,1,0
1633,3,0
1860,3,1
1614,3,1
3294,1,0
2927,1,1
4023,2,0
1340,3,0
2002,2,1
4094,3,1
3375,1,1
3140,2,1
1548,5,0
2548,3,0
2814,1,1
629,1,0
4140,4,0
2597,1,1
714,4,0
4357,5,0
2921,5,0
1819,3,0
625,4,0
2543,1,1
4356,2,0
684,1,0
4020,5,0
4773,3,1
2399,3,1
4955,5,0
1969,2,1
1568,2,1
3710,1,0
434,3,1
4796,2,0
2073,1,0
2838,4,1
187,1,1
3556,3,0
3534,2,0
4253,4,1
2583,4,0
1435,4,1
325,4,0
1785,5,1
1062,3,1
3178,1,1
222,3,0
4627,3,1
3587,1,0
1534,3,1
1276,5,0
1135,3,1
266,5,1
4889,5,0
2224,4,0
1451,5,1
2051,3,1
4857,2,0
13,3,0
558,4,1
2138,4,1
4445,3,1
2895,1,1
3358,1,1
4037,5,0
4575,5,0
4275,1,0
1966,1,1
3908,2,1
2184,5,1
793,2,0
4483,3,0
2371,2,1
4471,3,0
117,1,1
4632,3,0
4538,1,0
2977,3,0
1390,5,0
3002,5,1
4477,3,1
749,3,0
2318,3,1
2645,4,1
2654,2,1
4546,5,0
4062,2,1
4017,4,1
444,5,1
3575,2,0
2796,4,1
3145,3,0
4761,1,1
2417,1,1
4559,2,1
2235,3,0
2578,3,0
3168,4,1
2533,4,1
2456,1,0
2969,2,0
271,5,0
1400,1,1
4758,4,0
1122,3,0
915,1,0
4737,2,1
2247,1,1
186,2,0
66,3,1
1584,2,1
3122,5,0
1119,4,0
3195,5,1
231,5,1
2598,2,1
2815,4,1
44,2,0
1092,4,1
1775,2,0
1722,2,0
2511,2,0
2542,5,0
3513,3,1
2408,3,0
1108,4,1
1549,5,1
3784,4,1
4473,2,0
4352,2,1
406,2,0
3826,5,1
3736,4,1
1210,2,1
3203,4,1
3646,5,0
4891,2,1
326,2,0
2324,2,1
4508,1,1
4164,3,0
3849,2,0
2954,3,1
3450,2,0
3624,2,1
4451,1,0
4944,2,1
2697,2,1
1864,3,1
3926,1,1
2913,2,1
1057,4,1
1827,2,0
4273,5,0
4629,5,1
2129,1,1
4725,1,1
3687,1,0
3998,1,1
2766,4,1
4044,4,1
769,3,1
3717,1,1
4848,2,0
1410,2,1
3332,2,0
705,3,1
3649,4,0
4285,1,0
3205,2,1
901,5,0
161,3,0
71,3,0
2724,2,0
1947,4,0
3289,5,1
4177,5,0
2043,3,0
1811,5,1
356,3,1
4830,1,0
209,4,0
3419,2,1
4986,1,1
89,5,1
1299,3,0
3506,1,0
3062,5,0
1674,4,0
4342,2,0
342,2,1
806,5,1
3282,5,0
2509,1,0
892,1,1
4467,4,0
3989,2,0
4965,5,1
1191,4,0
2309,5,1
1479,3,1
2205,5,0
3909,5,1
4603,4,1
4794,1,0
524,4,1
3111,5,1
975,4,1
386,5,1
3619,2,1
751,1,0
2132,3,1
381,4,1
1114,4,1
2601,4,1
1977,4,1
1526,2,0
4210,2,1
401,2,1
3489,2,1
3837,2,0
4070,2,0
3028,3,0
2471,3,1
2932,5,1
2433,3,1
3045,5,1
99,5,0
3517,4,0
4974,3,0
1912,5,1
368,2,0
4556,2,0
3245,4,1
3881,4,0
4135,2,0
4829,5,0
1058,2,1
1374,2,1
4264,4,1
2502,1,0
2259,4,1
874,3,0
1850,1,0
4118,1,0
1737,1,1
4286,4,1
3788,3,0
3554,2,0
4635,3,0
2972,4,0
1315,3,0
3220,4,0
3612,3,1
2167,4,0
546,1,0
633,1,0
2034,3,0
2176,5,1
4021,1,0
2320,4,1
278,3,1
607,1,1
3634,2,0
420,4,1
4212,1,1
2689,2,0
3255,4,1
2795,1,0
2750,1,0
3143,3,0
3541,1,1
3082,2,1
894,5,1
4041,3,0
4798,3,1
1533,2,0
842,3,0
2914,5,0
4731,4,1
3813,1,0
1226,1,1
2613,1,1
2062,5,1
617,2,0
1311,2,0
3388,1,1
1298,1,1
1295,5,0
2556,3,1
4892,1,1
4150,1,1
2986,2,0
1420,3,1
1799,3,1
3206,3,0
3610,4,0
1001,4,1
20,3,1
923,3,0
1915,1,1
4474,3,0
2353,5,0
3582,2,0
2423,1,0
288,2,1
1506,4,0
614,2,0
3885,3,1
3267,4,0
4319,2,1
2822,1,0
3465,1,0
4960,5,0
2174,3,1
4678,3,1
866,4,1
1532,3,0
2017,4,0
3870,2,1
1789,4,1
3840,5,1
540,4,1
4305,4,0
4669,4,1
3967,4,0
2950,5,1
1239,3,1
3104,2,0
70,1,0
2761,3,0
3805,3,0
3076,4,1
1423,1,0
859,2,1
2646,1,1
3943,5,0
3005,5,1
3552,3,1
1978,2,1
1124,4,1
2485,1,1
4421,1,1
84,2,0
518,5,1
1682,4,1
1732,2,1
3298,4,1
4169,2,0
4754,5,0
2688,1,0
1889,4,0
4073,2,0
407,5,0
656,2,1
4799,5,1
4956,3,1
2789,2,0
3882,2,1
2538,1,0
37,1,0
2113,4,0
2336,2,0
783,5,1
2785,3,1
1639,2,1
1078,2,1
1910,3,0
2210,4,0
2504,5,0
2668,4,0
863,1,1
3629,1,1
4898,4,0
2077,1,1
1026,4,0
3266,4,1
4202,2,0
4560,5,0
4155,4,0
959,3,1
4520,3,0
140,2,1
4535,1,1
2323,5,0
1937,4,0
2662,4,0
461,4,0
3746,4,1
3809,1,1
2360,2,0
2063,1,0
2161,5,0
2249,3,0
4969,1,0
996,1,0
722,3,1
2686,5,0
801,5,1
815,3,0
3449,3,1
2952,1,1
1661,5,1
4049,5,0
3767,3,0
3357,1,1
1680,5,0
3414,4,1
3050,5,1
983,3,0
3381,3,1
491,4,0
2800,5,0
466,4,0
4053,5,1
3443,2,1
3987,1,0
2513,1,0
3479,1,0
665,4,0
3370,2,0
3331,3,1
513,4,1
4702,2,0
2862,4,0
2394,2,1
366,1,1
126,2,0
3397,3,1
1244,3,0
2127,5,0
4568,4,1
3215,4,1
1094,2,1
4417,1,1
3312,3,1
4465,1,0
4542,3,0
554,4,1
268,1,0
3285,4,1
3643,2,0
952,1,1
965,5,0
3071,2,1
435,4,0
197,4,1
3264,4,1
4732,3,0
2157,2,0
2704,3,0
4443,2,1
275,1,1
2652,3,0
1031,2,1
4440,1,0
3054,2,0
3730,5,1
1186,2,1
273,5,0
3117,5,0
2695,1,1
3310,4,1
2026,4,1
1050,4,1
3810,1,1
3095,4,0
4314,4,1
4034,5,1
3651,3,0
4813,3,0
3039,3,0
3761,2,0
2699,2,0
4715,1,1
1861,4,0
2119,2,1
2772,1,0
3985,2,0
4672,2,1
4708,3,1
2025,4,0
4598,1,1
3412,3,0
2480,4,0
2427,5,1
453,3,1
4086,4,1
14,5,0
4208,2,1
2037,3,0
1136,4,0
334,4,1
283,4,1
2996,2,1
2091,3,0
1875,1,1
759,3,1
3501,2,0
2047,4,1
761,5,1
2540,1,0
581,3,0
345,3,1
3474,5,1
1139,4,1
2522,4,1
567,4,1
4924,5,0
1382,5,0
3238,4,1
3457,4,0
1383,4,0
2493,1,0
3676,4,1
216,2,0
2773,1,1
4205,1,0
2131,4,1
4999,1,1
1175,3,1
2308,1,1
1961,3,0
1575,4,1
2032,1,1
1289,1,1
534,3,1
3403,3,1
3233,2,1
3405,5,0
902,1,1
1043,1,1
2628,1,0
2524,4,0
3200,4,1
2655,3,0
4470,3,1
752,4,0
4309,3,0
4340,5,1
775,3,1
4850,3,0
4180,1,0
3129,2,1
782,3,0
3679,5,0
1082,5,1
4365,2,1
1103,3,0
4819,1,0
4409,3,1
2022,3,0
2238,3,0
2314,4,0
3999,4,1
1545,4,0
4694,1,1
1447,1,1
1173,4,0
3467,5,1
285,4,1
2770,5,0
2245,4,1
1134,3,1
4178,1,1
4117,4,0
520,2,0
2031,2,0
4671,1,1
147,4,1
2162,2,0
1567,2,0
1658,5,1
4590,3,0
390,1,0
1475,4,1
1836,3,1
2557,2,0
3116,3,1
3536,2,1
1012,2,1
2638,4,0
2918,2,1
4297,3,0
1594,2,0
2933,2,0
2429,4,1
98,3,1
3037,5,0
582,1,1
3437,5,1
436,4,0
1924,4,0
498,5,1
1232,1,0
4485,2,0
4517,5,1
2589,1,0
3139,4,0
4496,3,1
431,5,1
332,4,1
4142,1,0
4090,3,0
2865,3,0
1530,2,0
236,1,0
97,2,0
3106,3,1
2658,3,0
2680,4,0
2125,5,1
4183,4,0
181,1,0
3583,1,0
4787,2,0
3502,5,0
1544,1,0
4729,3,0
242,1,1
3890,3,1
1126,5,0
4007,1,1
3184,1,0
1248,4,0
1177,4,0
2155,2,0
4126,4,0
4312,4,1
4599,4,0
3599,4,1
2934,2,0
542,3,1
2255,5,1
1408,3,1
1890,3,1
3539,5,1
1529,1,0
3006,5,1
346,3,0
2842,4,0
3058,3,1
2295,4,0
4957,3,0
4558,2,1
3094,2,1
1189,4,0
3711,4,0
3763,4,1
2326,5,1
1828,3,0
559,5,0
707,1,0
4284,1,0
2470,2,0
2826,5,0
1726,4,0
4324,3,1
990,3,1
2716,4,0
2487,1,1
440,2,0
2270,4,1
3415,4,1
4244,3,1
2291,4,1
4883,2,0
232,2,1
2325,2,1
3974,4,0
1659,4,0
4602,3,0
2089,2,0
4025,5,0
757,4,0
4100,1,1
896,1,0
1360,1,0
2745,5,0
204,2,1
1524,5,1
2263,4,1
4530,1,1
2282,3,0
1962,3,0
1042,4,0
110,2,0
38,4,0
2273,3,1
2915,2,0
244,3,0
2266,3,1
1727,1,1
3968,1,0
1146,4,1
1620,4,1
18,5,1
2858,3,1
219,2,0
2303,3,0
764,5,0
4583,2,1
193,4,0
3073,2,0
4354,4,0
4350,3,0
3345,3,0
3342,2,1
4084,4,1
1051,4,0
868,1,0
734,3,1
1265,5,1
4092,1,0
3879,2,1
4630,1,0
2624,4,1
1384,5,1
4078,5,0
1874,5,1
339,1,1
4398,5,1
4192,2,0
225,5,0
3436,4,1
1815,3,0
1958,2,1
1450,1,1
1332,1,0
3723,1,1
4717,3,0
621,3,1
4912,4,0
2020,5,0
2211,5,1
25,1,1
146,3,0
708,3,0
211,3,0
1296,2,0
2536,1,1
4996,1,0
2512,1,1
2649,2,0
1034,5,0
3573,4,1
149,3,1
3103,4,0
3302,3,1
2931,5,1
2321,5,1
2052,3,0
1381,3,1
4667,5,0
1457,4,0
2525,3,1
1077,2,1
4573,1,1
1013,3,1
1132,1,0
3326,2,0
1928,4,0
419,3,1
402,5,1
710,2,1
1495,4,0
4966,2,1
1366,2,1
4838,2,1
3938,2,0
1163,4,1
2449,4,1
46,1,0
523,1,0
664,1,0
4444,1,0
4915,2,0
1953,3,1
3602,1,0
2436,3,0
3459,1,0
233,5,1
3716,4,1
4995,1,1
3718,3,1
4280,2,1
2781,1,0
1167,1,1
4526,1,0
3503,5,0
2053,5,0
4949,1,0
1730,4,0
885,2,0
4255,2,1
3360,4,0
1341,5,0
310,3,0
104,2,0
1913,4,0
3281,4,1
741,5,1
371,5,1
3760,1,1
2728,4,1
4251,4,0
1886,5,0
1741,1,0
3927,2,0
198,5,1
4450,3,1
3695,3,1
3832,4,1
4199,4,0
2097,1,0
3221,1,1
2406,5,0
913,5,0
1036,1,1
689,5,1
2059,5,1
1279,2,1
1954,1,1
2467,4,1
3930,1,0
2151,2,0
4079,1,1
3179,3,1
3064,4,1
2106,3,1
2141,4,0
1123,5,0
4453,4,0
3693,1,1
4171,1,0
1995,2,1
3155,5,0
118,1,0
69,1,0
3677,5,0
2478,5,1
4841,1,1
2849,5,0
1825,1,1
2230,4,0
837,4,1
4882,3,1
673,1,1
2069,3,1
1128,3,1
508,1,1
287,4,0
3174,5,0
4247,1,1
4766,5,1
1847,5,0
1039,3,1
3227,2,1
169,1,1
3932,1,0
4268,1,1
4377,5,1
2139,1,0
2327,2,0
4620,3,0
317,3,0
2989,1,1
4031,4,0
174,5,0
3130,2,1
674,3,0
3157,3,1
4578,4,0
1439,4,0
3086,1,1
1581,2,1
4022,5,1
1257,1,0
539,1,0
49,5,1
1359,4,1
293,3,0
3246,3,1
57,4,1
1266,1,0
2154,3,0
433,1,0
3435,3,1
1866,3,0
2029,5,0
3776,2,0
1047,1,0
2280,4,0
2068,3,1
1965,4,1
2226,4,0
3009,4,1
4334,4,0
883,4,0
817,5,0
3658,5,0
3271,4,0
1172,3,1
1982,5,0
1592,5,0
1331,2,1
3946,4,0
1385,3,0
1904,1,0
2144,5,0
847,1,1
1038,4,0
2554,1,0
4201,5,1
2743,4,0
4687,5,0
3177,4,1
4032,5,0
2070,4,0
2596,3,1
2021,4,0
1719,1,1
1867,4,0
1603,2,1
1027,4,1
956,1,0
2605,5,0
1243,1,1
4723,4,0
3338,3,1
4317,4,0
525,5,1
3873,4,0
2228,5,1
799,5,1
4475,4,0
1668,5,1
1020,4,1
756,5,1
1763,3,0
1469,1,0
3867,1,0
1610,4,0
1873,1,0
4002,3,1
3393,3,1
4642,4,0
1854,5,1
320,2,0
2153,3,0
2885,3,0
3229,5,0
4769,4,1
2882,2,1
998,4,0
2600,4,1
4,4,0
3815,4,0
2307,4,1
2631,3,0
400,1,0
4333,5,0
3623,3,0
2124,5,1
2762,2,0
3981,5,1
2413,1,0
335,2,1
360,5,1
369,3,0
1759,1,1
2550,3,0
1236,1,0
609,3,0
2966,2,0
1779,3,0
3636,4,1
2912,3,1
509,2,0
4907,5,1
2872,3,1
3138,3,1
3085,5,1
4939,3,0
2848,2,0
3934,3,1
1971,5,1
3664,3,1
3133,2,0
4634,2,1
3795,5,1
1565,4,0
3759,2,1
2527,5,0
4405,3,0
3033,2,0
3800,4,0
3081,4,1
505,4,0
3819,1,0
1455,3,0
166,1,0
717,5,0
1417,4,0
1591,2,1
1955,1,1
533,4,1
4879,2,1
4122,1,1
2984,1,1
123,2,1
4216,2,0
1697,5,1
3353,2,1
483,3,1
1660,4,0
3682,4,1
1551,1,1
3642,2,0
3615,3,1
4699,4,1
3821,5,1
1748,3,0
2422,3,1
4809,1,0
2844,2,0
488,2,1
4577,1,0
2516,2,1
4082,5,0
1837,5,1
3030,5,1
4242,5,0
2678,4,1
1624,3,1
796,1,1
1739,1,1
856,3,0
3410,1,1
550,3,1
1148,1,0
2715,3,1
1803,2,0
238,1,1
2592,4,0
3563,2,0
1178,5,0
3579,3,0
2412,2,1
586,2,1
1993,4,1
1288,4,1
2048,5,1
3816,1,1
2909,5,1
537,3,1
3491,2,0
1838,2,0
3902,4,0
578,4,0
4057,2,0
4254,5,1
1800,5,0
2472,5,1
150,5,0
4942,1,1
3919,5,1
2481,1,1
3843,1,0
1032,2,1
3725,1,1
579,1,1
1629,5,1
4772,2,0
4012,3,1
4856,3,0
343,3,1
4582,2,1
4289,5,0
1720,1,0
3364,2,0
2479,2,1
3913,1,1
1514,3,1
1407,4,1
4038,2,1
2968,4,0
2459,5,0
4681,5,1
4060,5,1
4921,3,0
2196,4,1
1174,5,0
1673,1,1
4482,5,1
389,2,1
1083,3,1
4231,4,0
2551,3,0
1268,5,1
3984,1,0
4929,2,1
3096,4,0
811,2,0
3526,3,1
3982,4,1
132,4,1
1422,4,0
312,3,0
4964,3,0
2297,5,1
1688,4,1
3571,4,1
351,2,1
4760,5,1
3801,2,1
986,3,1
4997,5,1
588,4,0
3288,3,1
2741,2,1
3697,4,0
3790,1,0
3065,2,0
1515,4,0
3134,3,1
1203,3,1
871,2,0
4077,4,1
3337,2,1
3244,3,1
3903,1,1
4500,1,0
1155,1,1
1312,4,0
4971,1,1
1949,4,0
3808,4,1
4063,4,1
4839,2,0
3324,3,0
1760,4,0
3744,1,1
50,4,0
1631,2,1
3343,1,1
696,5,0
4746,3,0
2405,3,0
648,1,1
4469,4,1
2833,5,1
694,1,1
2777,3,0
1467,1,0
1717,2,0
1940,2,0
473,3,0
4220,5,1
2192,5,1
1637,4,0
3132,2,1
571,2,1
139,4,0
1024,2,0
3898,1,0
1438,4,0
3839,3,0
1488,5,1
4114,4,0
4574,2,1
4235,2,1
3013,4,1
1535,2,1
2928,1,1
4783,2,0
4736,4,1
2802,4,1
4399,3,0
3004,5,0
4120,3,1
1208,3,1
2961,1,1
3551,1,0
3577,5,1
1773,3,0
2367,2,0
276,5,0
3481,3,1
590,3,1
4840,5,1
3750,5,0
1521,4,0
3173,1,0
2837,1,0
657,5,1
1754,1,1
4112,4,0
891,1,0
3458,5,1
4626,4,0
2081,3,1
989,2,1
1485,2,0
4832,4,1
4187,3,0
4129,1,0
1159,1,0
3660,4,1
2285,5,0
286,2,1
19,1,1
3597,3,0
190,4,1
205,1,0
4480,1,0
3924,2,1
4402,1,1
4618,4,1
1428,1,0
1647,5,1
3311,1,1
3444,2,0
4873,1,0
3722,5,0
1238,1,0
259,3,0
4261,3,1
3621,1,0
4107,1,0
3680,1,1
212,5,0
3911,3,1
4042,5,1
3383,5,0
1395,4,0
4637,3,0
1649,5,0
1145,3,1
2011,2,1
1254,3,1
1075,5,1
4121,1,0
2520,4,0
3678,1,0
2083,4,1
1302,3,0
872,5,1
4379,3,0
4572,4,0
4896,3,1
928,4,0
2296,1,1
3069,3,0
3420,1,1
90,3,0
1188,4,1
1055,1,1
58,2,1
1089,5,1
1066,2,0
2828,5,0
2633,5,0
2694,2,1
2466,3,0
2444,2,1
3807,2,0
2685,4,1
22,4,0
3812,3,1
4984,1,1
711,4,1
2096,3,0
1666,4,0
1585,1,1
1014,1,1
2853,4,0
4047,5,0
3137,5,0
1213,1,1
3748,5,0
3448,1,0
4650,4,1
397,3,0
1853,3,0
4863,4,1
2261,1,0
2450,4,0
2935,2,1
2468,2,1
1472,4,1
3402,1,1
2439,4,1
2191,5,0
3562,3,0
4503,2,1
2566,5,1
3047,2,0
67,5,0
3287,5,1
2251,4,0
1821,4,1
3356,2,0
1805,1,0
2362,1,1
2292,5,0
319,4,1
2519,2,1
4990,3,1
4718,2,1
4904,4,1
4607,2,1
3822,2,1
3292,5,1
1665,1,1
1388,5,0
2088,5,0
1328,5,0
3645,4,0
1402,3,0
2376,1,1
1003,2,1
1030,4,1
200,5,0
1703,4,1
4248,1,1
1320,1,1
4130,4,0
4792,1,1
1111,4,1
4918,4,1
2706,1,0
3830,2,0
1004,1,0
777,4,1
3014,1,1
4587,4,1
2036,1,0
1510,4,1
4125,1,0
570,1,1
1197,4,1
4172,3,0
1687,4,1
2311,2,1
3567,5,0
3972,4,0
2674,4,0
2042,4,1
685,5,0
1090,3,1
1127,3,1
3319,5,0
725,4,0
2335,5,1
1905,2,1
4362,5,0
4321,2,0
2187,3,1
1628,1,0
4091,5,1
2634,2,1
340,5,0
1303,1,1
3633,3,1
497,4,0
2440,2,0
2606,1,1
3532,5,0
398,5,0
2264,4,1
4836,2,1
1220,4,0
2939,5,1
2937,3,0
606,3,1
3672,4,1
628,3,1
3123,4,1
4380,4,0
3708,3,0
39,5,1
1768,4,1
3928,1,0
1972,4,1
1304,3,1
1358,5,0
1833,1,0
938,3,1
4985,3,1
3385,2,0
2442,4,0
1476,3,1
3072,4,0
1948,5,0
934,5,0
958,5,0
3163,1,1
4075,5,1
1876,1,0
4545,2,0
2149,3,1
715,1,0
4886,4,1
1615,1,1
4144,1,0
2387,1,1
226,1,0
4138,4,0
45,5,0
3600,5,1
315,3,0
2281,2,0
3585,5,0
1840,2,1
2130,4,0
1646,4,1
1102,1,1
3066,4,1
3304,3,1
2514,1,0
742,1,0
543,1,0
640,3,0
1632,1,0
726,5,0
616,2,0
867,2,1
2003,3,1
1005,5,1
2175,5,0
3740,4,0
2637,2,0
1897,2,1
2168,1,1
4207,4,0
168,3,1
3853,2,1
1678,1,1
819,2,0
4738,5,0
3507,3,0
3327,1,1
3031,1,1
1541,4,1
1998,3,1
955,3,0
1237,5,1
2143,5,0
4824,4,0
2395,4,1
2569,2,1
4003,4,1
3862,5,1
2784,4,0
2610,2,1
3487,1,1
4684,3,0
1106,4,0
1466,5,0
698,5,1
3516,4,0
3904,5,0
3588,1,1
3618,1,1
547,4,0
4815,1,1
4606,3,1
1707,2,1
4906,5,0
4394,5,0
1107,1,0
4810,3,0
1404,5,0
4596,3,1
81,5,0
245,1,0
3395,5,0
772,2,0
3831,2,1
3460,1,1
4429,4,1
4492,1,0
121,1,1
3185,5,1
4096,1,1
2971,1,1
213,2,0
1985,1,0
1744,2,0
3362,4,0
3468,3,1
1698,4,1
1291,1,0
5,5,0
4337,1,1
3894,5,1
2253,1,0
1893,1,0
2721,5,1
486,3,1
3068,1,1
2391,4,0
2172,2,0
2922,3,0
4817,1,1
115,3,1
3464,3,0
1249,1,1
3937,3,0
4998,1,0
4294,3,0
1464,1,0
4847,1,0
4326,2,0
3603,5,0
645,1,1
3933,3,0
3092,4,0
438,4,0
3888,5,1
2942,2,0
3055,1,1
134,3,0
3500,2,0
1919,4,0
4528,2,0
1080,1,0
810,1,0
4226,5,0
3792,4,1
172,4,1
1205,2,0
2682,3,1
1986,3,1
763,5,1
4134,5,1
4714,1,0
372,4,1
2430,3,0
1518,3,0
3871,4,0
747,3,0
1206,1,1
4835,1,1
494,1,0
2681,3,0
876,4,1
528,3,0
1879,5,0
2897,4,0
3685,5,1
2008,1,1
3382,2,0
264,4,1
1023,3,0
1814,4,1
2936,2,0
937,1,1
4095,3,0
221,1,0
3953,3,0
1324,3,0
2767,5,0
3296,5,1
176,3,0
227,3,0
1984,4,1
1598,3,0
3011,4,1
4355,2,0
758,3,1
2829,1,0
3584,2,1
776,5,0
4489,1,0
4953,2,1
2462,2,0
3329,5,1
969,5,0
3259,4,0
4006,3,1
2464,5,0
2894,4,0
2709,2,1
3250,3,1
1290,3,0
2626,3,1
1740,2,0
182,3,0
2577,4,0
3797,1,1
4894,1,1
3199,2,1
1274,4,1
1316,5,0
716,5,1
442,3,0
2035,3,0
416,5,0
3258,2,0
1636,3,0
4804,5,1
4452,3,0
2657,1,1
2099,3,1
1025,1,0
4721,2,0
2830,3,1
2846,2,0
4874,4,0
3276,2,1
3252,3,1
522,5,1
845,4,1
1812,5,1
2446,5,1
3280,4,1
347,1,1
3829,2,1
4593,1,1
3798,5,1
2691,5,1
2298,1,0
4257,4,1
2794,3,0
791,5,1
207,5,0
1113,5,0
4382,1,1
2782,3,0
4516,5,0
449,2,0
1431,4,0
1694,4,1
3889,3,1
4384,4,1
4987,5,1
481,2,1
1151,1,0
2585,4,0
4348,4,0
1711,2,1
3523,1,0
3721,3,1
3734,1,1
4165,4,0
2001,4,0
3154,4,0
1690,2,0
1619,1,1
857,3,0
2917,5,0
4502,5,1
638,2,1
4412,2,1
2608,4,1
636,3,0
4825,2,1
1471,4,1
702,2,1
3109,3,1
807,4,0
4243,3,0
4336,1,0
1537,5,1
3745,3,1
555,5,1
3261,3,0
73,2,1
2215,3,1
623,4,1
4311,5,0
3060,5,1
2058,2,1
3635,4,0
2098,2,0
3535,5,1
1907,1,1
4755,3,0
2683,1,0
2403,3,1
3012,4,0
1788,4,1
3202,4,0
2294,1,0
940,2,0
143,4,1
3067,1,0
1844,5,0
2331,2,1
2064,4,1
1936,1,0
893,4,1
3212,3,1
1590,4,0
1652,5,0
4858,3,1
2899,4,0
88,3,0
1934,3,0
1669,3,0
2221,1,1
2271,5,1
577,2,0
2529,3,1
3496,3,1
4665,4,1
4339,3,0
4919,5,1
737,2,0
4406,2,0
3705,2,1
3340,5,0
936,1,1
3059,2,1
2242,5,0
282,4,0
4375,5,1
1508,5,0
4403,4,1
1218,3,1
3511,3,0
2671,2,0
4327,2,1
4831,5,1
1914,5,1
1870,1,0
792,5,1
4176,4,1
102,3,0
459,4,1
687,1,0
2946,1,0
4973,5,0
374,3,1
4988,3,1
935,3,0
1988,1,0
422,3,0
2306,2,1
676,3,0
865,4,0
1212,2,1
3180,1,0
3423,3,0
3979,4,0
1154,2,1
4426,2,0
304,1,1
1140,3,0
3528,2,0
3248,5,0
2673,3,1
413,1,1
484,3,1
2530,1,1
2834,5,0
2087,1,0
2267,4,1
218,5,0
4664,4,0
3863,3,1
3690,1,0
3078,4,1
2965,4,1
446,2,1
1600,1,0
946,1,1
4536,4,0
4529,2,0
3432,2,0
4351,2,1
68,3,1
2769,5,1
688,3,0
1950,5,1
1787,5,0
52,1,1
96,5,0
4048,1,1
3495,2,0
1991,5,1
1270,5,1
4318,4,1
1540,4,1
4219,4,0
2855,3,0
4224,2,0
4316,5,0
981,2,1
1040,5,0
2300,2,1
3408,5,0
887,4,0
1547,1,0
3379,4,1
1929,4,0
2354,2,0
300,1,0
1019,5,0
380,3,1
2428,4,0
3971,2,0
3557,5,0
3662,1,1
3428,5,0
2994,4,1
395,2,1
3758,4,0
4649,2,0
451,2,1
4229,2,0
3912,2,0
4005,5,1
4925,3,0
417,4,0
1580,3,0
4978,5,1
3549,5,1
3569,3,1
2886,4,1
2145,2,1
2756,3,0
4763,2,0
1561,5,1
695,1,0
3742,5,0
353,4,1
532,5,1
155,5,0
3823,1,1
1334,2,0
529,2,0
3387,1,0
1246,1,0
3880,2,0
1379,2,0
1059,1,0
778,4,1
391,5,0
4363,2,0
4085,4,0
1125,4,0
3440,3,0
3548,3,1
2515,3,0
1606,3,1
1956,1,0
4636,1,0
2277,1,1
3299,1,1
2947,5,1
1651,3,1
3121,5,0
445,5,0
4753,2,1
1482,2,1
103,4,0
1778,1,1
4653,1,0
1267,3,1
745,1,0
1414,4,0
1079,3,1
500,1,1
2948,3,0
4080,1,0
2867,5,1
2711,5,1
2531,2,1
2791,2,0
4549,3,1
4588,3,1
2182,1,0
3558,4,0
1391,2,1
3868,1,1
2420,2,0
1849,5,1
4422,2,1
4968,1,1
1731,1,1
185,5,1
3701,1,0
4448,3,0
4464,1,1
1229,3,0
4619,5,0
2289,4,1
3043,2,0
3090,1,0
3828,3,1
1230,3,1
826,1,1
1570,4,0
1378,3,0
3118,2,0
159,4,1
1742,3,0
4438,4,1
254,3,0
3559,5,1
92,5,1
3049,1,1
3498,3,1
4751,5,0
2194,2,1
2864,1,0
903,2,1
4110,2,0
4495,4,1
4132,4,0
4486,4,1
4786,5,0
414,4,0
2265,5,1
880,5,1
2644,4,0
4654,2,1
3834,4,0
1373,4,1
4518,2,1
318,2,1
60,1,1
4689,1,0
2332,3,1
4938,4,0
3793,3,1
2889,4,0
3640,2,0
1501,1,1
2667,5,1
3369,1,1
2757,2,0
4271,5,1
1968,4,0
4001,4,0
3959,2,0
1553,2,0
177,3,1
744,4,0
2735,1,1
2244,2,1
3170,2,0
4579,5,0
1182,1,1
2593,1,0
1736,3,1
4547,3,1
2723,1,0
119,4,1
3038,3,0
4160,1,0
2835,1,1
706,5,0
3431,3,1
3015,1,0
4851,2,0
4846,3,0
2906,3,1
170,2,1
1016,5,0
1618,2,1
3029,2,1
1762,5,0
409,1,0
3786,1,1
2779,2,0
2546,2,1
1348,3,1
932,2,0
754,2,1
2609,1,1
994,5,1
2944,4,1
963,3,0
2780,1,0
930,3,0
721,3,0
2562,2,0
42,3,0
2115,5,1
1187,2,1
1718,4,1
2964,5,1
4272,1,0
4182,5,0
1000,2,1
2018,5,0
1576,2,0
479,3,0
418,5,0
206,2,0
517,3,1
2152,2,0
4259,3,1
613,5,0
105,3,0
3604,1,0
2987,4,1
2863,5,0
2825,2,1
1072,5,0
679,4,0
2288,3,1
4869,2,0
4015,5,1
3226,5,0
2078,4,0
129,2,1
2310,2,1
3330,2,1
2102,3,1
4392,5,0
3589,1,1
516,2,0
3590,1,0
838,5,1
476,3,1
2156,4,0
308,2,1
1470,1,0
4430,5,1
2094,1,0
3160,4,1
4081,1,1
4816,5,0
2460,5,1
2988,3,0
2599,1,0
2418,4,1
1049,2,1
2350,4,0
465,4,1
2499,5,1
3639,1,1
4366,2,0
4347,4,1
2854,5,0
2163,1,1
2197,4,0
2009,4,1
1037,3,1
2044,4,1
4788,1,1
1165,1,0
3001,4,0
1170,2,0
2061,5,0
2490,2,0
4741,4,1
3616,2,1
4677,5,0
289,5,0
1386,2,1
822,2,1
3247,2,0
2535,4,0
3700,3,0
383,4,0
3851,1,0
1144,3,1
760,4,1
732,5,0
2731,3,1
4083,2,0
4269,5,1
4065,4,1
789,2,1
3674,3,0
844,3,0
2180,1,1
864,2,0
3136,2,0
2808,1,1
4036,3,1
3641,1,1
3284,5,1
3726,3,1
1946,5,1
171,2,0
4950,1,0
2677,1,0
1869,3,0
2171,4,0
556,5,1
1330,3,0
3350,2,1
480,1,0
3916,5,1
4616,5,1
2432,4,0
492,2,0
3857,2,1
3504,1,0
651,1,0
2293,2,0
3110,5,1
4413,4,0
2563,5,0
4359,5,1
3728,4,0
3781,5,0
1452,4,1
4506,3,0
575,4,1
471,4,1
3765,2,1
3253,2,1
3141,4,1
4959,5,0
4594,5,0
4385,4,1
2727,5,0
4703,1,0
1513,5,0
3433,1,0
1426,2,0
3925,4,0
2190,5,0
214,5,1
1845,3,1
824,4,1
2393,1,1
1792,2,1
4376,5,0
2361,3,0
1396,5,1
4862,2,1
4945,2,0
2528,2,1
3172,3,0
843,3,1
982,3,1
2193,1,1
4111,3,1
137,1,1
4439,3,0
27,5,0
848,2,0
2590,4,1
1007,2,0
2641,3,0
2315,1,1
2126,3,0
4638,2,1
3667,2,1
1214,3,1
4597,2,0
536,4,1
2636,2,1
106,3,0
4396,2,1
4951,4,0
1684,2,1
4952,3,1
3772,5,0
2958,3,0
4131,2,0
4967,3,0
3611,1,0
1622,4,0
299,1,1
3960,2,0
2101,5,0
3719,3,0
2642,3,0
1560,3,0
4533,1,1
1902,4,1
3279,4,1
4013,4,1
700,3,1
4293,5,1
2369,2,1
4666,2,0
692,5,0
2256,5,1
3165,3,1
943,4,0
322,5,0
1859,2,0
4458,2,1
4381,5,1
2925,1,0
4785,1,1
1070,5,1
2949,2,1
2159,2,1
979,3,1
4349,4,0
2544,5,1
4193,3,0
603,5,1
3446,3,1
3702,4,0
4777,1,1
3893,5,1
2903,2,0
3007,3,0
4262,5,1
4775,2,1
851,2,0
1911,5,1
1412,1,1
3768,5,1
2676,3,1
2225,5,0
4551,4,1
3239,3,0
277,4,1
3241,5,1
4845,3,1
1256,1,0
1284,1,0
3490,1,1
457,3,1
3957,4,1
2421,5,0
1856,2,1
3688,5,0
4571,5,1
1141,5,0
1207,4,0
3089,3,0
3074,1,1
3471,4,1
553,2,1
2708,2,1
853,2,1
4576,2,1
1930,1,1
295,2,1
831,4,0
470,1,0
460,2,1
1458,3,0
4802,5,0
1689,2,1
1611,4,0
4880,2,0
4608,4,1
3983,4,0
4803,5,0
739,3,0
3598,1,0
4076,3,0
2015,3,0
1638,3,1
48,5,1
4982,3,0
2178,2,0
3142,3,0
4823,4,0
448,1,1
405,3,0
4887,5,1
379,5,1
576,2,0
55,1,0
1776,1,0
1449,2,0
2372,4,0
908,1,1
4158,5,0
1960,1,1
384,2,1
412,4,1
1261,4,1
3883,4,1
805,4,0
3306,4,1
4734,5,0
2103,3,1
3041,5,1
1196,1,1
3152,3,1
1848,5,1
1715,4,1
1394,3,1
3305,1,1
3508,3,0
4054,3,1
1627,2,0
1781,4,0
2411,5,1
3751,3,1
2730,5,1
1393,4,1
4236,2,1
888,5,1
3698,1,0
56,2,1
4613,3,1
4849,1,1
78,5,0
2040,4,1
1443,2,0
113,4,0
3126,4,0
3931,5,1
4564,5,1
2214,3,0
1444,1,1
3027,2,0
557,1,1
3151,2,0
2945,2,1
1434,3,0
2804,1,1
3627,5,1
2565,1,0
953,5,0
4306,1,1
2726,5,0
4442,4,0
10,2,1
4621,5,0
3197,3,0
4541,4,1
3017,3,0
4700,2,0
2604,1,1
683,4,1
183,1,1
475,4,0
4256,5,0
3906,1,0
948,5,0
3838,5,1
4393,3,0
4932,4,0
1252,4,0
530,5,1
4209,3,0
4709,5,0
3315,5,0
1372,2,0
746,1,1
4239,5,1
2553,2,0
478,3,1
945,3,1
2832,1,0
3521,4,0
3164,4,1
2974,3,0
2698,5,0
1022,4,1
7,4,0
4743,5,1
3749,3,0
85,3,0
1041,1,0
2847,5,1
1349,5,0
2365,4,0
4713,4,1
858,4,1
4989,5,1
2135,2,0
4933,1,0
4828,5,0
1824,5,1
4024,4,1
2268,4,0
4424,3,1
1235,3,0
3372,2,0
4072,2,0
378,3,1
3083,4,1
1228,5,1
2046,1,1
1695,2,0
3192,3,1
4059,4,1
1308,5,1
2322,3,0
3591,3,0
4679,1,0
3988,4,1
921,4,1
2313,4,1
3230,5,1
4127,5,1
3657,5,1
4159,2,0
2328,1,1
1903,2,1
4554,2,1
3273,5,1
790,3,1
2576,5,1
4893,4,0
1511,4,0
3608,4,1
2793,3,0
944,3,1
4719,5,1
4680,1,1
564,4,0
3958,1,1
3947,3,1
1297,1,1
691,4,0
1989,2,0
2764,1,0
4631,2,1
4004,4,1
511,1,1
2718,1,0
3051,5,0
41,1,1
3286,1,1
659,3,0
3099,4,1
4449,4,1
2457,4,1
961,2,1
2787,1,0
2614,5,0
510,2,1
2491,5,0
1839,4,1
357,3,1
1959,3,1
1846,2,0
976,1,0
1599,5,1
4291,2,1
447,3,0
1900,3,0
4088,2,0
4834,4,1
4018,1,1
549,3,0
2661,1,1
1595,2,0
1033,1,0
1333,1,0
2995,5,0
2386,5,1
1473,1,1
4523,2,1
1084,4,0
4697,2,1
4433,4,0
2874,1,1
3866,2,0
3704,3,0
1430,2,1
280,2,0
370,1,1
4977,4,1
4780,2,0
731,4,1
2220,5,0
802,5,1
4793,2,0
781,4,1
3257,4,1
519,4,0
785,1,0
4374,5,1
1406,3,0
425,3,0
3836,1,0
3514,2,0
4522,4,0
3613,3,0
1209,3,1
1287,3,0
897,5,1
2558,1,0
3990,5,1
1453,4,1
2739,1,1
4930,3,0
175,3,0
311,2,1
3915,1,1
296,3,0
4217,1,0
1179,2,0
1906,5,1
1364,5,1
898,4,0
968,2,0
1502,5,1
3509,5,1
2973,1,1
2000,3,1
4682,2,1
3108,1,1
3475,5,0
3735,3,1
4295,2,0
1376,2,1
4016,4,0
3026,1,1
3715,3,0
2488,3,1
1387,2,0
3044,4,1
4747,5,1
2286,5,0
4525,4,0
5000,2,1
3438,5,1
3835,1,1
1952,2,0
2650,2,1
2122,3,0
3713,1,0
2752,1,1
1465,4,1
4227,3,0
1500,2,0
1028,5,0
2665,5,0
3668,2,0
4346,3,0
251,1,0
818,5,1
33,4,0
2573,4,0
4149,3,0
3914,1,0
2355,1,0
2985,1,0
1081,1,0
2339,1,0
160,3,1
2998,2,1
1413,5,0
4937,2,1
2473,3,0
2198,1,1
1743,5,0
131,3,1
3852,4,0
933,4,0
4612,3,0
2260,5,1
2312,2,1
4853,1,1
1899,3,0
1616,1,1
4954,4,1
1640,2,1
4970,1,1
3483,3,1
3519,1,0
2567,4,1
2076,5,0
4419,3,1
4855,4,1
3422,3,0
4905,3,0
3368,3,0
4514,5,1
4302,1,0
4493,2,1
3652,1,1
4928,5,0
3131,2,0
4279,3,1
942,1,0
3757,4,1
2999,2,0
2274,3,1
3392,5,0
1882,5,0
2541,1,0
2012,1,1
2185,1,0
3418,3,1
1416,3,1
4656,5,1
1831,3,0
404,2,1
650,4,0
3860,4,0
4386,1,1
2703,5,1
4779,4,1
1195,3,1
881,3,0
4281,2,0
2523,5,0
3568,1,1
4625,5,1
3354,3,1
4569,5,0
1219,2,1
2426,3,0
3666,5,1
1067,2,1
1351,2,1
4544,5,1
4105,4,0
3964,3,0
1112,1,1
3638,3,0
4507,3,1
4843,2,1
666,4,1
208,1,0
3907,3,0
3485,4,0
303,1,1
1222,2,0
130,4,0
429,1,0
309,4,0
3833,3,1
128,5,1
4344,2,1
3162,5,0
4980,3,1
1176,3,0
4884,2,0
2884,2,0
62,5,0
1317,2,1
4586,1,0
2363,5,0
3222,3,0
565,2,0
267,2,0
765,1,1
3720,2,0
3954,3,1
2620,2,1
611,3,1
2148,5,1
3973,2,1
4509,3,0
3265,2,0
2672,5,0
4494,1,0
4098,2,0
2188,2,0
3905,5,0
2845,2,0
3430,2,0
452,1,1
3249,5,1
4141,1,0
3529,3,1
4378,2,1
4260,2,0
2134,3,1
3260,2,1
1721,5,0
2447,5,0
2635,4,0
2019,2,0
91,4,0
1068,4,0
2555,1,0
3876,1,1
2878,2,1
1073,5,1
1442,1,1
2803,2,0
1528,2,0
1370,4,1
136,2,1
3462,4,1
677,5,0
4940,3,0
1432,5,1
2441,3,0
3080,4,1
415,2,1
3052,4,1
4683,3,0
3606,1,0
904,4,1
2038,2,1
12,2,1
3204,2,1
2799,5,1
2067,5,1
1490,5,1
4056,1,0
4332,1,1
1286,2,1
4225,1,1
4752,4,0
1935,5,1
1816,4,0
1612,3,1
600,1,1
4277,5,1
2240,3,1
1795,2,1
1938,2,1
1655,4,1
911,4,1
2651,2,0
3696,5,1
2871,3,0
3272,3,1
924,4,1
1810,5,0
3766,1,1
4992,5,0
4888,3,1
514,1,1
1829,5,0
2404,3,1
239,1,1
877,4,1
253,4,1
2209,3,1
1756,4,1
4812,3,1
1441,3,1
2121,1,1
3407,2,0
246,3,0
4432,4,0
2623,2,0
4604,2,0
626,1,0
2622,1,0
1752,5,1
4591,5,1
4222,3,0
4852,4,1
3994,4,0
3917,4,1
1945,2,1
1807,1,0
3564,3,0
2186,4,1
3477,2,1
4610,5,1
1319,3,0
1643,4,1
2571,5,1
61,4,0
3841,4,0
4698,4,0
2534,5,1
1100,3,0
4173,4,0
3620,5,1
241,3,0
3235,3,1
1275,4,0
2005,1,1
1747,3,0
4795,5,1
1347,2,1
4040,1,0
3098,1,1
4822,5,0
1086,5,1
4427,3,1
301,1,0
4685,1,1
3186,4,0
1922,4,0
255,1,0
3661,1,0
1263,4,1
4447,1,0
2733,5,1
4168,2,1
116,3,0
427,4,1
1749,4,0
1234,4,0
1065,1,0
1399,3,1
3877,5,0
2028,4,0
3456,1,0
4726,5,1
4358,5,1
2316,5,0
3183,3,0
3980,1,1
328,2,0
2788,2,1
4648,4,1
3376,2,1
3531,3,1
4808,3,1
3515,2,1
3182,3,0
199,1,1
2084,3,0
2957,5,0
1798,2,0
2232,4,1
2492,2,0
4750,4,0
3684,3,1
4055,5,1
2692,3,1
4735,2,1
1156,5,1
1247,3,1
3003,5,0
3161,1,1
3148,3,0
1992,5,1
4027,3,0
1679,5,0
548,1,0
592,2,0
2107,2,1
3884,5,0
1498,5,0
1782,4,0
4008,5,1
3518,3,0
2537,5,0
3484,5,1
157,2,0
4994,1,1
1550,2,1
1990,3,1
4670,2,1
834,2,0
2630,4,1
3470,3,1
2607,3,1
1555,5,1
1097,4,1
1354,4,1
4877,1,0
598,3,1
3190,2,1
2378,4,1
3656,3,1
4292,4,0
3417,5,0
823,4,0
873,5,1
3874,1,1
627,4,0
224,5,1
3225,2,1
2074,4,1
3439,5,1
738,2,1
4161,3,0
467,2,0
4842,1,1
1957,4,0
1546,5,1
3091,1,0
4093,2,1
329,3,1
2751,3,1
1468,1,0
3850,5,0
2195,3,1
2816,4,0
841,2,0
3580,4,0
723,4,0
426,2,0
1343,3,0
1118,5,1
2075,2,1
635,4,1
2560,5,0
152,3,0
2108,3,1
2455,3,0
1198,4,1
3488,4,1
2004,5,0
3159,2,1
991,4,0
4033,2,1
647,2,1
1085,5,0
3887,1,0
4456,5,0
3794,2,1
2222,5,0
1017,1,1
1630,4,1
290,4,1
2992,2,0
1272,5,0
3955,3,1
2169,2,0
3228,3,1
3899,5,1
2345,3,0
3756,4,0
1269,5,0
988,5,1
1342,3,0
2257,5,0
972,4,0
2146,3,1
507,2,0
2790,2,0
2729,2,0
2693,5,1
4481,1,0
993,4,1
538,3,0
984,2,1
2177,4,0
499,1,1
15,3,0
4941,4,1
2243,5,0
1325,5,0
338,5,1
1283,3,1
740,2,1
114,3,0
2219,4,0
1917,1,0
3825,3,1
960,2,0
2181,5,0
3321,3,0
4704,1,0
4946,4,0
4695,4,1
2615,4,0
17,1,1
2809,2,0
4926,4,1
3929,2,1
3724,5,0
795,5,1
3669,3,1
4162,5,0
4463,3,0
1377,5,0
4979,3,0
909,4,1
3283,4,1
333,1,1
4010,2,0
4232,5,1
194,1,0
2923,1,1
3570,5,0
619,2,0
4764,5,1
1421,5,0
1973,3,1
2414,1,0
421,1,1
1596,2,1
1725,5,1
762,1,0
4744,4,1
410,4,0
1345,5,0
4390,4,0
3986,1,0
3497,1,1
2840,2,1
2013,4,0
456,1,0
2532,5,0
2807,3,0
4947,3,1
1520,5,0
4757,4,0
3295,1,0
2760,3,0
1411,3,0
2748,2,0
1202,2,1
355,1,1
2707,3,0
1327,3,0
3124,4,1
1734,1,1
3787,3,0
3747,3,1
912,3,1
3729,4,1
3112,2,1
4784,5,0
813,1,1
3454,1,1
3213,2,1
1923,1,0
4762,5,1
2373,4,1
2797,2,1
3389,1,1
3453,1,1
1772,5,0
1160,5,1
4871,5,1
2924,2,1
4617,1,1
1088,4,1
2319,5,1
1644,5,1
3854,5,0
2891,1,0
3653,1,1
3181,3,1
2518,4,1
4948,3,1
165,5,1
3413,3,1
1280,4,0
3309,5,0
3378,1,0
430,1,1
4146,5,0
2390,1,1
2616,3,0
3824,1,0
1780,5,1
2262,1,1
3216,3,0
1770,5,0
1273,1,0
2246,2,0
3733,1,1
2071,1,1
173,5,0
3976,2,1
1044,2,0
1729,2,0
2305,1,0
4622,4,0
4657,5,0
3741,2,1
622,2,1
2979,1,0
274,5,0
4035,1,1
2039,5,0
2831,5,0
2643,2,1
4116,4,0
1011,5,0
4270,2,0
3892,3,0
4436,4,1
3320,1,1
3102,3,1
3712,1,1
4550,2,1
4584,2,1
76,2,0
4113,2,1
1925,4,1
3463,3,0
4328,1,1
1672,1,1
787,5,0
4532,2,0
3774,3,0
939,1,0
4958,5,1
4501,4,1
2666,5,0
4739,3,1
2960,1,0
1705,5,0
4195,5,1
631,5,0
1217,3,1
188,5,1
1943,5,1
671,2,0
544,5,1
770,4,1
4566,1,0
3171,5,1
217,1,1
1820,1,0
307,2,1
2173,3,0
736,3,1
495,3,1
4647,1,0
3274,5,0
3486,2,1
3346,5,0
1542,2,1
637,2,1
1278,3,0
2810,5,1
4296,4,0
4104,4,0
1791,3,0
3175,4,0
358,1,0
3361,3,0
4902,1,1
895,4,0
373,5,1
3962,5,0
599,2,1
2690,3,1
36,5,0
26,1,1
375,2,1
2368,5,1
551,4,0
3077,5,0
1728,1,0
4341,5,1
3942,5,0
4435,4,1
1700,3,0
3565,1,1
3775,5,1
3323,5,1
2010,4,0
3024,4,0
4101,5,0
1424,5,0
1558,5,0
365,3,1
364,2,1
2007,4,1
1818,1,1
3689,1,0
1884,4,0
4441,2,1
2066,5,1
124,3,1
4790,1,0
4064,1,1
1509,1,0
1801,1,0
403,3,0
2857,4,0
2775,2,0
3944,5,1
4148,5,1
3923,3,0
4663,4,0
4407,3,1
64,5,0
3269,2,1
1602,5,0
2851,1,1
482,5,1
1241,3,0
1190,5,0
800,4,1
1446,1,1
3434,4,1
2203,2,0
840,2,1
3196,2,1
3996,5,0
3036,5,0
1642,5,1
4943,3,0
2202,5,1
4068,3,1
3605,3,0
145,5,0
4552,2,0
2234,3,0
906,5,0
3303,3,0
620,4,1
3921,1,0
1425,1,1
4624,1,0
2956,4,1
202,4,0
2629,2,0
3707,3,1
2625,4,0
1115,2,1
3472,1,0
1681,1,1
1380,3,0
258,5,0
890,4,1
2229,3,0
4901,4,1
4204,4,0
1809,2,0
1766,5,0
3650,1,1
158,5,1
4249,4,0
3817,4,1
1536,4,0
3035,2,1
3510,3,1
3663,5,1
970,5,0
352,3,0
602,2,0
2137,3,1
2016,5,1
4043,3,0
686,3,1
3268,1,0
4263,5,1
4692,5,1
2105,5,1
2581,3,1
454,3,0
862,4,0
767,4,1
3609,2,1
3016,4,0
3119,1,0
4521,2,0
3188,2,1
2839,5,1
1577,1,1
4745,1,1
4668,1,1
1865,4,0
3347,2,1
1609,2,0
3593,1,1
2951,4,0
4645,5,0
2438,5,0
3737,4,0
3969,3,1
4099,1,0
3995,3,0
4282,1,0
2981,4,0
3771,3,1
4388,1,0
3844,1,0
54,2,0
265,2,1
1677,3,0
4046,2,0
2738,5,1
2476,2,0
916,3,0
2813,1,1
4640,3,0
3861,4,0
2484,4,1
4820,2,1
2943,1,1
3644,5,0
4561,5,0
257,2,0
2330,3,0
3869,2,1
2759,1,0
2304,3,0
4498,2,0
4237,3,0
4050,2,0
3727,5,0
3920,1,1
3544,1,1
2916,3,0
4166,4,0
2648,4,0
4206,3,1
1061,5,0
4191,3,0
4864,2,1
4174,1,1
252,3,0
900,3,0
1193,5,0
1497,5,1
4770,4,1
1569,1,0
298,3,1
3975,4,1
2346,4,1
786,5,1
690,5,0
3537,1,0
196,3,0
4476,4,0
980,5,0
642,4,1
3699,2,1
3398,1,1
2477,5,1
4233,2,0
279,5,1
262,2,0
3374,1,0
4089,4,1
4543,5,1
1597,4,1
2082,2,1
730,2,1
4643,4,0
1053,4,1
2843,3,1
3799,5,0
180,1,0
3442,3,1
82,1,0
3461,3,0
4646,1,1
4644,2,1
3533,1,0
3703,3,0
832,1,0
4917,4,0
3709,5,0
4408,3,0
3601,2,1
4066,3,0
1586,5,0
3187,5,0
1300,3,0
1375,5,1
1093,3,0
249,5,0
3770,2,0
1921,1,0
3970,2,1
1002,5,1
3595,3,1
2301,1,0
4589,3,1
1133,4,0
929,3,0
1784,5,1
1670,2,1
2142,4,1
1738,4,1
411,2,1
2374,2,1
269,5,0
4466,5,1
348,1,0
323,3,0
3339,4,1
4414,1,0
1313,3,0
4267,4,1
727,5,1
836,5,0
1461,2,0
1626,5,0
992,3,1
2896,3,1
1868,3,0
1369,2,1
30,2,1
3622,1,1
3846,4,0
1794,3,1
3865,2,0
376,2,0
1264,2,1
4659,2,0
1804,5,1
1367,5,1
1589,2,0
1939,4,1
4540,5,0
2920,5,1
572,1,1
4600,5,1
4890,1,0
4136,2,1
2888,2,1
1713,4,0
646,3,0
428,3,1
2570,2,1
3251,4,0
1018,1,1
4106,1,1
2582,1,0
4103,2,0
2500,2,1
1872,1,0
4860,2,1
1704,1,1
3020,2,0
2223,1,1
4151,1,1
3803,3,0
1527,2,0
4303,1,1
1623,1,0
4611,5,1
1231,3,1
3789,4,1
552,5,0
595,5,1
2559,2,1
2006,4,0
512,1,1
1676,1,1
748,5,0
4472,3,0
2953,1,0
3482,2,1
2910,4,1
1157,4,1
829,3,1
4935,5,0
1724,3,0
3859,3,0
4515,2,1
809,2,0
828,4,0
1702,1,0
3648,5,0
3864,5,0
1918,4,0
1559,4,0
3966,2,1
1227,2,0
4115,5,1
2252,5,0
1271,1,0
1352,2,1
4911,4,1
527,3,1
2343,5,1
4415,2,1
4457,2,0
899,3,0
4383,1,1
2495,3,0
566,2,0
4045,4,0
4712,1,0
1095,4,1
4991,3,1
1608,3,1
583,2,0
1909,5,0
4301,3,0
3210,2,1
1201,5,0
28,5,0
1769,4,0
3421,5,1
1306,3,0
4759,3,0
4238,4,0
3019,2,0
1437,3,0
2183,3,1
2510,2,0
3875,2,0
394,4,1
1823,2,0
1967,4,0
3478,3,1
1650,2,1
1996,5,1
1562,4,1
947,5,1
2347,5,0
2679,3,0
1253,5,1
3300,5,1
4623,1,0
852,1,0
4404,1,1
101,2,1
3010,1,1
3992,5,0
4331,2,1
313,4,0
3764,1,0
4923,4,0
2165,2,1
2653,3,1
4899,3,0
29,3,0
2824,3,0
4218,1,0
2348,2,0
1566,5,1
3935,1,0
4565,2,1
1522,3,1
1887,1,1
1751,3,1
344,4,0
3546,3,0
1091,5,1
1294,2,1
1200,4,1
3706,3,1
1588,3,0
4592,2,1
2584,5,0
1578,3,1
1667,3,0
3025,3,1
3075,3,1
4661,4,1
4931,5,1
649,4,0
3963,5,1
2967,5,1
1281,1,0
4190,1,1
4484,3,0
1793,4,1
1587,5,0
2317,1,1
1346,1,0
2898,2,0
2452,1,0
1353,3,1
100,1,0
2758,1,1
95,5,0
153,5,0
503,5,1
2980,4,0
2388,2,1
4913,4,0
4962,1,0
1767,2,0
3127,3,1
2900,2,0
1171,4,0
3153,4,0
272,5,0
4258,5,1
1009,2,0
644,2,1
2380,1,1
3115,1,1
2250,1,0
827,1,1
1858,3,0
2494,2,0
2754,3,0
4108,4,0
4922,1,1
2568,5,0
2110,2,0
3079,2,0
3046,3,0
43,3,1
3018,2,0
75,2,0
697,2,0
3367,2,1
3956,4,1
4615,2,0
424,2,0
798,3,0
2955,1,1
1492,3,1
229,5,0
2392,3,1
2746,4,1
569,5,1
1389,3,1
3349,5,0
3576,4,1
2819,4,0
2792,4,1
2445,1,0
4241,5,0
4124,3,1
1258,1,1
3314,5,0
1880,4,0
910,2,0
2663,1,1
1745,1,1
2545,2,1
1285,1,1
680,5,1
1462,1,0
733,5,0
4184,4,0
4197,5,0
341,5,0
2798,1,0
4446,3,1
4009,2,0
2287,5,0
281,5,1
3355,2,0
1786,4,1
2713,1,0
2227,2,1
2344,2,1
3858,3,0
4641,1,1
2892,5,0
4373,2,1
2236,2,1
1433,3,0
3673,4,1
1162,5,0
4491,4,1
2603,3,1
1671,2,0
2385,5,0
1216,1,0
1104,3,0
1454,5,0
263,5,0
4240,4,0
399,2,0
4052,2,0
4189,3,1
1783,5,0
3901,3,0
302,1,1
1064,1,1
1806,2,0
490,2,1
83,1,1
3334,4,1
2632,1,1
4278,3,1
437,5,0
1318,2,0
4749,4,0
1696,2,1
4504,3,1
4771,2,0
4844,1,0
4329,2,0
2763,4,0
2595,5,0
2486,4,1
108,1,0
2870,3,0
2425,3,1
2732,5,1
297,3,0
1496,5,0
2375,4,1
3731,4,1
4153,5,0
2381,3,0
4570,5,0
4460,1,0
3686,2,0
3939,4,1
560,3,1
4181,5,0
1976,5,0
31,5,1
4730,2,0
4061,1,1
3218,2,0
889,5,1
4133,1,1
4389,3,0
652,5,1
4867,2,0
977,5,0
4934,4,0
2720,3,1
4693,1,0
4288,2,0
367,2,1
4710,2,1
3391,2,1
34,1,1
3308,1,1
654,2,0
4167,3,0
1516,5,0
882,2,0
4395,5,1
178,5,0
4304,5,1
681,5,0
2299,1,1
3128,3,1
4461,1,0
1504,1,0
3322,5,1
3670,4,1
2207,5,1
601,3,0
604,1,1
3993,3,1
2100,1,1
2501,4,1
4307,5,1
3592,3,1
2023,3,0
3494,2,0
2233,3,0
682,3,0
3665,5,0
2941,1,0
2341,5,0
1857,3,0
2461,5,0
3291,3,0
1052,5,0
1338,5,1
2114,2,0
4143,2,0
2050,1,0
4213,4,0
327,2,1
1755,4,1
234,5,0
1574,5,0
1896,2,0
80,1,1
3093,2,1
4601,3,0
4325,5,1
2860,3,1
1166,2,0
359,2,0
4914,1,1
3631,1,0
2976,4,0
3452,1,0
670,4,0
2158,2,0
2352,3,0
2072,2,1
1169,4,1
4030,5,0
4614,2,1
927,4,1
4562,1,0
768,1,0
4139,3,1
4748,5,0
4361,5,0
3872,3,0
4859,5,0
1215,1,0
1192,2,0
2869,4,0
1403,2,1
3445,2,0
2055,1,1
3655,3,1
94,5,1
3208,1,1
808,2,0
2239,5,0
931,3,1
2737,5,0
2621,1,0
2687,2,1
3681,3,0
354,3,1
1116,1,1
2489,4,1
2684,4,0
1777,5,0
1746,3,1
978,5,0
1975,3,1
3614,3,0
3762,5,0
439,2,1
951,1,0
1974,5,1
1883,5,1
1499,5,1
4797,3,0
59,2,1
2656,5,1
3366,5,0
72,4,1
2617,4,1
3773,1,1
4416,1,0
3297,4,0
127,3,0
2014,2,1
584,1,0
2409,5,0
1355,3,1
2112,1,1
1832,1,1
3574,4,1
1029,5,0
1363,1,1
3063,3,0
780,2,1
2358,5,1
1063,5,0
107,2,1
2136,5,0
1933,2,0
2086,2,0
3219,3,0
2475,5,1
1621,3,0
1010,1,0
1813,4,1
2237,2,1
1808,1,0
3042,1,0
2714,3,0
2806,3,1
1796,5,1
1817,5,0
4605,4,1
4215,2,0
3223,3,0
2911,2,1
3231,1,1
3997,2,0
580,2,0
3256,1,1
1556,2,0
1519,1,1
2458,3,0
1579,3,1
1419,5,1
3845,5,0
4338,5,0
784,3,0
985,4,1
3753,5,0
4290,3,0
230,4,0
4881,5,0
4455,2,0
753,4,0
2290,4,0
3949,5,1
179,1,1
919,3,0
3594,4,1
4519,1,1
2508,1,1
2887,3,1
3777,1,0
122,1,1
1932,3,0
3088,3,1
3386,5,1
591,1,0
1152,4,1
3755,5,1
3008,5,0
3543,4,0
2526,3,1
2469,2,0
228,1,0
1802,2,0
3581,1,1
2505,5,0
3144,2,1
1944,3,0
330,3,0
3351,5,0
3394,2,1
3754,3,1
3940,4,0
4900,5,1
2284,1,0
3120,3,0
3242,5,0
1463,3,1
3149,5,1
2049,4,0
3520,2,0
4123,3,0
812,5,1
4981,3,0
4397,4,1
4827,1,1
4868,5,1
1895,2,1
156,4,0
830,5,0
2416,4,1
987,5,0
3738,4,0
361,1,0
3692,3,1
954,5,0
4567,3,0
4789,2,1
1663,2,0
1764,1,1
4821,4,0
2959,2,0
3743,3,1
1224,4,0
1716,3,1
2993,5,0
3427,4,1
1830,4,0
967,4,0
814,4,0
2218,4,1
1282,5,1
3341,4,0
4128,2,1
1006,2,0
3473,3,1
2983,5,0
2085,2,1
3978,4,0
1843,4,1
2056,4,1
423,1,1
1405,2,1
321,3,1
1607,3,1
4028,3,0
2561,5,1
331,5,1
724,3,0
3158,4,1
2588,4,1
2776,5,1
1486,3,0
162,2,0
3061,2,0
1774,2,0
4720,3,1
4221,3,1
2483,2,1
496,1,1
1693,4,0
597,5,1
3166,3,1
250,1,0
2496,5,0
4200,5,0
3057,3,1
4283,4,0
1881,2,0
1436,1,1
3400,1,0
1035,4,0
4733,5,1
3527,5,1
4975,3,1
1015,5,0
485,1,1
2747,5,1
3021,4,1
1593,1,1
151,3,1
1927,3,0
4310,5,1
926,1,0
3293,4,0
40,1,0
4299,4,1
2893,1,0
2836,4,0
4371,1,0
4252,2,0
2982,1,1
1686,5,0
377,2,0
3802,1,1
2647,4,0
2329,4,1
1071,1,0
1250,3,0
1491,1,1
1691,3,0
3550,3,0
3778,3,0
2820,3,0
1835,5,1
3290,1,1
2200,2,1
2024,3,1
1761,2,0
2384,3,0
643,4,0
2431,3,1
1368,1,0
3783,1,1
2774,5,0
3262,2,0
2111,3,1
1309,3,1
2213,1,1
1110,2,0
4581,2,1
526,2,1
4039,3,0
3628,5,0
455,4,0
2811,5,1
3769,4,1
3023,5,1
4490,2,1
610,5,0
703,1,1
3991,2,1
667,4,0
941,3,0
4701,1,1
1096,3,1
4315,5,0
2902,2,1
615,3,0
1613,4,1
4505,5,0
195,5,1
4214,4,0
163,4,0
2744,3,1
2879,4,0
4287,1,1
2503,2,1
4895,2,0
660,1,0
2669,4,0
2434,1,1
1983,3,0
2338,3,1
1168,4,1
3399,3,1
3732,5,1
4651,3,0
1605,2,0
2564,4,1
4051,4,1
2254,1,1
3056,5,1
3167,1,1
1771,3,0
1822,4,0
3951,2,1
2454,4,0
839,4,0
1503,5,0
4211,3,0
1225,3,1
4866,4,1
79,4,0
1199,5,0
1641,3,1
2128,4,1
2859,2,0
699,3,1
4690,2,1
1525,3,1
821,4,0
878,3,0
4563,2,1
3791,1,1
593,1,0
2818,2,1
3617,4,1
189,3,1
489,1,1
3169,1,1
86,4,1
971,4,0
833,2,1
2905,5,0
2975,4,0
2451,5,1
443,5,1
662,5,0
1143,5,1
2701,4,0
4993,2,0
3101,3,1
1098,4,0
3530,4,1
521,5,0
4370,1,1
3000,1,1
4580,4,1
4196,2,0
220,4,0
4963,1,1
3191,5,1
1161,5,0
3040,3,0
4711,5,0
2498,1,0
4154,3,1
1409,2,0
1137,2,1
1045,5,1
1335,4,1
701,3,1
1931,5,1
1878,5,0
3659,3,0
678,4,1
1056,4,0
3586,1,0
2133,2,0
1505,2,1
385,1,1
1356,1,0
77,2,1
563,5,1
2990,1,0
4391,2,0
1634,3,1
4806,4,0
3032,4,0
663,4,1
3429,3,1
4071,4,1
3637,1,1
32,1,1
1481,4,1
1765,2,1
2722,5,0
1329,5,0
4478,4,1
2054,4,1
4308,5,1
2753,5,0
3578,4,0
2817,2,0
3814,1,1
3198,3,1
1293,3,0
2170,5,1
3855,1,1
2856,5,1
3087,1,0
4353,3,1
718,3,0
1344,2,0
1757,2,1
4488,4,1
4300,2,1
362,2,1
2507,4,0
47,2,1
3371,5,1
2116,5,0
1401,4,1
918,4,0
4878,4,1
3447,2,1
3451,5,0
4696,5,0
2118,1,1
1712,5,0
336,4,0
16,3,1
712,4,0
3654,4,0
3796,3,0
324,1,0
735,4,1
1242,2,0
